Full_site_name,Site,Date,TrapID,Count,Latitude,Longitude
California Creek,CAC,9/1/2020,1141-B,0,48.960672,-122.733878
California Creek,CAC,9/1/2020,1143-B,0,48.961832,-122.733612
California Creek,CAC,9/1/2020,1144-B,0,48.960464,-122.733851
California Creek,CAC,9/1/2020,1147-B,0,48.961252,-122.734219
California Creek,CAC,9/1/2020,1181-B,0,48.960619,-122.734491
California Creek,CAC,9/1/2020,119-Y,0,48.960965,-122.73402
California Creek,CAC,9/1/2020,130-P,0,48.96034,-122.734177
California Creek,CAC,9/1/2020,1370-P,0,48.960249,-122.734125
California Creek,CAC,9/1/2020,1385-P,0,48.960137,-122.734107
California Creek,CAC,9/1/2020,1386-P,0,48.959662,-122.734306
California Creek,CAC,9/1/2020,140-P,0,48.959786,-122.734212
California Creek,CAC,9/1/2020,149-P,0,48.960063,-122.734079
California Creek,CAC,9/1/2020,149-Y,0,48.961398,-122.734343
California Creek,CAC,9/1/2020,19-P,0,48.961576,-122.73434
California Creek,CAC,9/1/2020,21-P,0,48.961836,-122.733413
California Creek,CAC,9/1/2020,22-P,0,48.960836,-122.733958
California Creek,CAC,9/1/2020,27-P,0,48.960694,-122.734574
California Creek,CAC,9/1/2020,381-R,0,48.960558,-122.733864
California Creek,CAC,9/1/2020,3-P,0,48.960272,-122.733724
California Creek,CAC,9/1/2020,60-P,0,48.959888,-122.73412
California Creek,CAC,9/1/2020,616-P,0,48.961725,-122.734223
California Creek,CAC,9/1/2020,645-P,0,48.961801,-122.733835
California Creek,CAC,9/1/2020,648-P,0,48.961072,-122.734087
California Creek,CAC,9/1/2020,75-P,0,48.960447,-122.7343
California Creek,CAC,9/1/2020,7-P,0,48.961745,-122.734046
California Creek,CAC,9/2/2020,1141-B,0,48.960672,-122.733878
California Creek,CAC,9/2/2020,1143-B,0,48.961832,-122.733612
California Creek,CAC,9/2/2020,1144-B,1,48.960464,-122.733851
California Creek,CAC,9/2/2020,1147-B,0,48.961252,-122.734219
California Creek,CAC,9/2/2020,1181-B,0,48.960619,-122.734491
California Creek,CAC,9/2/2020,119-Y,0,48.960965,-122.73402
California Creek,CAC,9/2/2020,130-P,0,48.96034,-122.734177
California Creek,CAC,9/2/2020,1370-P,0,48.960249,-122.734125
California Creek,CAC,9/2/2020,1385-P,0,48.960137,-122.734107
California Creek,CAC,9/2/2020,1386-P,0,48.959662,-122.734306
California Creek,CAC,9/2/2020,140-P,0,48.959786,-122.734212
California Creek,CAC,9/2/2020,149-P,0,48.960063,-122.734079
California Creek,CAC,9/2/2020,149-Y,0,48.961398,-122.734343
California Creek,CAC,9/2/2020,19-P,0,48.961576,-122.73434
California Creek,CAC,9/2/2020,21-P,0,48.961836,-122.733413
California Creek,CAC,9/2/2020,22-P,0,48.960836,-122.733958
California Creek,CAC,9/2/2020,27-P,0,48.960694,-122.734574
California Creek,CAC,9/2/2020,381-R,0,48.960558,-122.733864
California Creek,CAC,9/2/2020,3-P,0,48.960272,-122.733724
California Creek,CAC,9/2/2020,60-P,0,48.959888,-122.73412
California Creek,CAC,9/2/2020,616-P,0,48.961725,-122.734223
California Creek,CAC,9/2/2020,645-P,0,48.961801,-122.733835
California Creek,CAC,9/2/2020,648-P,0,48.961072,-122.734087
California Creek,CAC,9/2/2020,75-P,0,48.960447,-122.7343
California Creek,CAC,9/2/2020,7-P,1,48.961745,-122.734046
California Creek,CAC,9/15/2020,1141-B,2,48.961398,-122.734343
California Creek,CAC,9/15/2020,1145-B,0,48.960447,-122.7343
California Creek,CAC,9/15/2020,1147-B,0,48.961745,-122.734046
California Creek,CAC,9/15/2020,11-P,0,48.961836,-122.733413
California Creek,CAC,9/15/2020,131-P,0,48.960063,-122.734079
California Creek,CAC,9/15/2020,134-P,0,48.959888,-122.73412
California Creek,CAC,9/15/2020,1369-P,0,48.960694,-122.734574
California Creek,CAC,9/15/2020,1371-P,0,48.960619,-122.734491
California Creek,CAC,9/15/2020,139-P,0,48.959662,-122.734306
California Creek,CAC,9/15/2020,142-P,0,48.960249,-122.734125
California Creek,CAC,9/15/2020,147-P,0,48.96034,-122.734177
California Creek,CAC,9/15/2020,18-P,1,48.961725,-122.734223
California Creek,CAC,9/15/2020,21-P,0,48.960836,-122.733958
California Creek,CAC,9/15/2020,22-P,0,48.960558,-122.733864
California Creek,CAC,9/15/2020,23-P,0,48.960672,-122.733878
California Creek,CAC,9/15/2020,24-P,1,48.961576,-122.73434
California Creek,CAC,9/15/2020,603-P,0,48.961072,-122.734087
California Creek,CAC,9/15/2020,604-P,0,48.961801,-122.733835
California Creek,CAC,9/15/2020,616-P,0,48.960464,-122.733851
California Creek,CAC,9/15/2020,625-P,0,48.961252,-122.734219
California Creek,CAC,9/15/2020,636-P,0,48.961832,-122.733612
California Creek,CAC,9/15/2020,63-P,0,48.960137,-122.734107
California Creek,CAC,9/15/2020,644-P,0,48.960965,-122.73402
California Creek,CAC,9/15/2020,645-P,0,48.960272,-122.733724
California Creek,CAC,9/15/2020,72-P,0,48.959786,-122.734212
California Creek,CAC,9/18/2020,,1,48.9618018,-122.7342225
California Creek,CAC,9/18/2020,,0,48.9618018,-122.7342225
California Creek,CAC,9/18/2020,,0,48.9618018,-122.7342225
California Creek,CAC,9/29/2020,1178-B,0,48.961733,-122.733986
California Creek,CAC,9/29/2020,1181-B,0,48.960387,-122.73376
California Creek,CAC,9/29/2020,11-P,0,48.961832,-122.733612
California Creek,CAC,9/29/2020,12-P,0,48.961252,-122.734219
California Creek,CAC,9/29/2020,130-P,0,48.961603,-122.734254
California Creek,CAC,9/29/2020,1378-P,0,48.961315,-122.734279
California Creek,CAC,9/29/2020,137-P,0,48.961771,-122.73377
California Creek,CAC,9/29/2020,1386-P,0,48.961112,-122.733952
California Creek,CAC,9/29/2020,1387-P,1,48.961506,-122.734286
California Creek,CAC,9/29/2020,145-P,0,48.961769,-122.733556
California Creek,CAC,9/29/2020,16-P,0,48.960464,-122.733851
California Creek,CAC,9/29/2020,19-P,0,48.961576,-122.73434
California Creek,CAC,9/29/2020,23-P,0,48.960836,-122.733958
California Creek,CAC,9/29/2020,368-R,0,48.961398,-122.734343
California Creek,CAC,9/29/2020,379-R,1,48.961686,-122.734148
California Creek,CAC,9/29/2020,3-P,0,48.960272,-122.733724
California Creek,CAC,9/29/2020,573-P,0,48.960965,-122.73402
California Creek,CAC,9/29/2020,60-P,0,48.96119,-122.734189
California Creek,CAC,9/29/2020,619-P,1,48.961725,-122.734223
California Creek,CAC,9/29/2020,625-P,1,48.960672,-122.733878
California Creek,CAC,9/29/2020,629-P,1,48.961836,-122.733413
California Creek,CAC,9/29/2020,633-P,0,48.961072,-122.734087
California Creek,CAC,9/29/2020,636-P,0,48.961801,-122.733835
California Creek,CAC,9/29/2020,640-P,0,48.960558,-122.733864
California Creek,CAC,9/29/2020,648-P,0,48.961745,-122.734046
California Creek,CAC,9/30/2020,1178-B,0,48.961733,-122.733986
California Creek,CAC,9/30/2020,1181-B,0,48.960387,-122.73376
California Creek,CAC,9/30/2020,11-P,1,48.961832,-122.733612
California Creek,CAC,9/30/2020,12-P,0,48.961252,-122.734219
California Creek,CAC,9/30/2020,130-P,0,48.961603,-122.734254
California Creek,CAC,9/30/2020,1378-P,0,48.961315,-122.734279
California Creek,CAC,9/30/2020,137-P,0,48.961771,-122.73377
California Creek,CAC,9/30/2020,1386-P,0,48.961112,-122.733952
California Creek,CAC,9/30/2020,1387-P,0,48.961506,-122.734286
California Creek,CAC,9/30/2020,145-P,0,48.961769,-122.733556
California Creek,CAC,9/30/2020,16-P,0,48.960464,-122.733851
California Creek,CAC,9/30/2020,19-P,0,48.961576,-122.73434
California Creek,CAC,9/30/2020,23-P,0,48.960836,-122.733958
California Creek,CAC,9/30/2020,368-R,0,48.961398,-122.734343
California Creek,CAC,9/30/2020,379-R,1,48.961686,-122.734148
California Creek,CAC,9/30/2020,3-P,0,48.960272,-122.733724
California Creek,CAC,9/30/2020,573-P,0,48.960965,-122.73402
California Creek,CAC,9/30/2020,60-P,0,48.96119,-122.734189
California Creek,CAC,9/30/2020,619-P,0,48.961725,-122.734223
California Creek,CAC,9/30/2020,625-P,0,48.960672,-122.733878
California Creek,CAC,9/30/2020,629-P,0,48.961836,-122.733413
California Creek,CAC,9/30/2020,633-P,0,48.961072,-122.734087
California Creek,CAC,9/30/2020,636-P,0,48.961801,-122.733835
California Creek,CAC,9/30/2020,640-P,0,48.960558,-122.733864
California Creek,CAC,9/30/2020,648-P,0,48.961745,-122.734046
California Creek,CAC,10/13/2020,102-Y,0,48.961252,-122.734219
California Creek,CAC,10/13/2020,104-Y,0,48.960558,-122.733864
California Creek,CAC,10/13/2020,1062-B,0,48.960619,-122.734491
California Creek,CAC,10/13/2020,111-Y,0,48.961072,-122.734087
California Creek,CAC,10/13/2020,112-Y,0,48.961576,-122.73434
California Creek,CAC,10/13/2020,1148-B,0,48.959662,-122.734306
California Creek,CAC,10/13/2020,116-Y,0,48.960672,-122.733878
California Creek,CAC,10/13/2020,1182-B,0,48.960694,-122.734574
California Creek,CAC,10/13/2020,1199-B,0,48.960447,-122.7343
California Creek,CAC,10/13/2020,127-Y,1,48.961725,-122.734223
California Creek,CAC,10/13/2020,136-Y,0,48.961832,-122.733612
California Creek,CAC,10/13/2020,137-Y,0,48.960272,-122.733724
California Creek,CAC,10/13/2020,1382-P,0,48.960249,-122.734125
California Creek,CAC,10/13/2020,1390-P,0,48.959888,-122.73412
California Creek,CAC,10/13/2020,141-P,0,48.960137,-122.734107
California Creek,CAC,10/13/2020,143-P,0,48.96034,-122.734177
California Creek,CAC,10/13/2020,148-Y,0,48.961801,-122.733835
California Creek,CAC,10/13/2020,158-Y,0,48.960836,-122.733958
California Creek,CAC,10/13/2020,159-Y,0,48.961745,-122.734046
California Creek,CAC,10/13/2020,161-Y,0,48.961398,-122.734343
California Creek,CAC,10/13/2020,168-Y,0,48.960965,-122.73402
California Creek,CAC,10/13/2020,184-Y,0,48.960464,-122.733851
California Creek,CAC,10/13/2020,186-Y,0,48.961836,-122.733413
California Creek,CAC,10/13/2020,378-R,0,48.959786,-122.734212
California Creek,CAC,10/13/2020,96-P,0,48.960063,-122.734079
California Creek,CAC,10/14/2020,102-Y,0,48.961252,-122.734219
California Creek,CAC,10/14/2020,104-Y,0,48.960558,-122.733864
California Creek,CAC,10/14/2020,1062-B,0,48.960619,-122.734491
California Creek,CAC,10/14/2020,111-Y,0,48.961072,-122.734087
California Creek,CAC,10/14/2020,112-Y,1,48.961576,-122.73434
California Creek,CAC,10/14/2020,1148-B,0,48.959662,-122.734306
California Creek,CAC,10/14/2020,116-Y,0,48.960672,-122.733878
California Creek,CAC,10/14/2020,1182-B,0,48.960694,-122.734574
California Creek,CAC,10/14/2020,1199-B,0,48.960447,-122.7343
California Creek,CAC,10/14/2020,127-Y,0,48.961725,-122.734223
California Creek,CAC,10/14/2020,136-Y,0,48.961832,-122.733612
California Creek,CAC,10/14/2020,137-Y,0,48.960272,-122.733724
California Creek,CAC,10/14/2020,1382-P,0,48.960249,-122.734125
California Creek,CAC,10/14/2020,1390-P,0,48.959888,-122.73412
California Creek,CAC,10/14/2020,141-P,0,48.960137,-122.734107
California Creek,CAC,10/14/2020,143-P,0,48.96034,-122.734177
California Creek,CAC,10/14/2020,148-Y,0,48.961801,-122.733835
California Creek,CAC,10/14/2020,158-Y,0,48.960836,-122.733958
California Creek,CAC,10/14/2020,159-Y,0,48.961745,-122.734046
California Creek,CAC,10/14/2020,161-Y,0,48.961398,-122.734343
California Creek,CAC,10/14/2020,168-Y,0,48.960965,-122.73402
California Creek,CAC,10/14/2020,184-Y,0,48.960464,-122.733851
California Creek,CAC,10/14/2020,186-Y,0,48.961836,-122.733413
California Creek,CAC,10/14/2020,378-R,0,48.959786,-122.734212
California Creek,CAC,10/14/2020,96-P,0,48.960063,-122.734079
Chicken Coop,CCO,10/14/2020,,0,NA,NA
Chicken Coop,CCO,10/14/2020,,0,NA,NA
Chicken Coop,CCO,10/14/2020,,0,NA,NA
Chicken Coop,CCO,10/14/2020,,0,NA,NA
Chicken Coop,CCO,10/14/2020,,0,NA,NA
Chicken Coop,CCO,10/14/2020,,0,NA,NA
Chicken Coop,CCO,10/14/2020,,0,NA,NA
Chicken Coop,CCO,10/14/2020,,0,NA,NA
Chicken Coop,CCO,10/14/2020,,0,NA,NA
Chicken Coop,CCO,10/14/2020,,0,NA,NA
Chicken Coop,CCO,10/14/2020,,0,NA,NA
Chicken Coop,CCO,10/14/2020,,0,NA,NA
Chicken Coop,CCO,10/14/2020,,0,NA,NA
Chicken Coop,CCO,10/14/2020,,0,NA,NA
Chicken Coop,CCO,10/14/2020,,0,NA,NA
Chicken Coop,CCO,10/14/2020,,0,NA,NA
Chicken Coop,CCO,10/15/2020,,0,NA,NA
Chicken Coop,CCO,10/15/2020,,0,NA,NA
Chicken Coop,CCO,10/15/2020,,0,NA,NA
Chicken Coop,CCO,10/15/2020,,0,NA,NA
Chicken Coop,CCO,10/15/2020,,0,NA,NA
Chicken Coop,CCO,10/15/2020,,0,NA,NA
Chicken Coop,CCO,10/15/2020,,0,NA,NA
Chicken Coop,CCO,10/15/2020,,0,NA,NA
Chicken Coop,CCO,10/15/2020,,0,NA,NA
Chicken Coop,CCO,10/15/2020,,0,NA,NA
Chicken Coop,CCO,10/15/2020,,0,NA,NA
Chicken Coop,CCO,10/15/2020,,0,NA,NA
Chicken Coop,CCO,10/15/2020,,0,NA,NA
Chicken Coop,CCO,10/15/2020,,0,NA,NA
Chicken Coop,CCO,10/15/2020,,0,NA,NA
Chicken Coop,CCO,10/15/2020,,0,NA,NA
Chuckanut Bay,CHU,9/17/2020,,0,NA,NA
Chuckanut Bay,CHU,9/17/2020,,0,NA,NA
Chuckanut Bay,CHU,9/17/2020,,0,NA,NA
Chuckanut Bay,CHU,9/16/2020,1391-G,0,48.700426,-122.497425
Chuckanut Bay,CHU,9/16/2020,1454-R,0,48.700459,-122.49709
Chuckanut Bay,CHU,9/16/2020,1318-G,0,48.700527,-122.496886
Chuckanut Bay,CHU,9/16/2020,1342-G,0,48.700332,-122.496632
Chuckanut Bay,CHU,9/16/2020,1433-R,0,48.700499,-122.496536
Chuckanut Bay,CHU,9/16/2020,1393-P,0,48.69979,-122.496241
Chuckanut Bay,CHU,9/16/2020,1460-R,0,48.699957,-122.496218
Chuckanut Bay,CHU,9/16/2020,1188-Y,0,48.699931,-122.495952
Chuckanut Bay,CHU,9/16/2020,1151-Y,0,48.700014,-122.495921
Chuckanut Bay,CHU,9/16/2020,1399-P,0,48.699905,-122.495754
Chuckanut Bay,CHU,9/16/2020,1411-R,0,48.699971,-122.495652
Chuckanut Bay,CHU,9/16/2020,1319-G,0,48.70044,-122.495596
Chuckanut Bay,CHU,9/16/2020,169-P,0,48.700137,-122.49594
Chuckanut Bay,CHU,9/16/2020,668-R,0,48.700202,-122.495804
Chuckanut Bay,CHU,9/16/2020,1412-R,0,48.700299,-122.495698
Chuckanut Bay,CHU,9/16/2020,1441-R,0,48.700338,-122.495715
Chuckanut Bay,CHU,9/16/2020,1350-G,0,48.700372,-122.495589
Chuckanut Bay,CHU,9/16/2020,875-R,0,48.70034,-122.495538
Chuckanut Bay,CHU,9/16/2020,1405-R,0,48.700393,-122.495435
Chuckanut Bay,CHU,9/16/2020,1442-R,0,48.700547,-122.495286
Chuckanut Bay,CHU,9/16/2020,1090-Y,0,48.700508,-122.495209
Chuckanut Bay,CHU,9/16/2020,1102-Y,0,48.700581,-122.495261
Chuckanut Bay,CHU,9/16/2020,1320-G,0,48.700687,-122.495305
Chuckanut Bay,CHU,9/16/2020,1357-G,0,48.700628,-122.49538
Chuckanut Bay,CHU,9/16/2020,1343-G,0,48.700581,-122.495581
Chuckanut Bay,CHU,9/16/2020,664-R,0,48.700608,-122.495669
Chuckanut Bay,CHU,9/16/2020,1476-R,0,48.699049,-122.497246
Chuckanut Bay,CHU,9/16/2020,1311-G,0,48.699085,-122.497152
Chuckanut Bay,CHU,9/16/2020,1398-G,0,48.699009,-122.49743
Chuckanut Bay,CHU,9/16/2020,1500-R,0,48.698869,-122.497485
Chuckanut Bay,CHU,9/17/2020,1311-G,0,48.699085,-122.497152
Chuckanut Bay,CHU,9/17/2020,1476-R,0,48.699049,-122.497246
Chuckanut Bay,CHU,9/17/2020,1398-G,0,48.699009,-122.49743
Chuckanut Bay,CHU,9/17/2020,1500-R,0,48.698869,-122.497485
Chuckanut Bay,CHU,9/17/2020,1393-P,0,48.69979,-122.496241
Chuckanut Bay,CHU,9/17/2020,1460-R,0,48.699957,-122.496218
Chuckanut Bay,CHU,9/17/2020,1188-Y,0,48.699931,-122.495952
Chuckanut Bay,CHU,9/17/2020,1399-P,0,48.699905,-122.495754
Chuckanut Bay,CHU,9/17/2020,1151-Y,0,48.700014,-122.495921
Chuckanut Bay,CHU,9/17/2020,1411-R,0,48.699971,-122.495652
Chuckanut Bay,CHU,9/17/2020,1319-G,0,48.70044,-122.495596
Chuckanut Bay,CHU,9/17/2020,169-P,0,48.700137,-122.49594
Chuckanut Bay,CHU,9/17/2020,668-R,0,48.700202,-122.495804
Chuckanut Bay,CHU,9/17/2020,1412-R,0,48.700299,-122.495698
Chuckanut Bay,CHU,9/17/2020,1391-G,0,48.700426,-122.497425
Chuckanut Bay,CHU,9/17/2020,1318-G,0,48.700527,-122.496886
Chuckanut Bay,CHU,9/17/2020,1433-R,0,48.700499,-122.496536
Chuckanut Bay,CHU,9/17/2020,1454-R,0,48.700459,-122.49709
Chuckanut Bay,CHU,9/17/2020,1342-G,0,48.700332,-122.496632
Chuckanut Bay,CHU,9/17/2020,1405-R,0,48.700393,-122.495435
Chuckanut Bay,CHU,9/17/2020,1442-R,0,48.700547,-122.495286
Chuckanut Bay,CHU,9/17/2020,1441-R,0,48.700338,-122.495715
Chuckanut Bay,CHU,9/17/2020,1350-G,0,48.700372,-122.495589
Chuckanut Bay,CHU,9/17/2020,875-R,0,48.70034,-122.495538
Chuckanut Bay,CHU,9/17/2020,1102-Y,0,48.700581,-122.495261
Chuckanut Bay,CHU,9/17/2020,1090-Y,0,48.700508,-122.495209
Chuckanut Bay,CHU,9/17/2020,664-R,0,48.700608,-122.495669
Chuckanut Bay,CHU,9/17/2020,1357-G,0,48.700628,-122.49538
Chuckanut Bay,CHU,9/17/2020,1343-G,0,48.700581,-122.495581
Chuckanut Bay,CHU,9/17/2020,1320-G,0,48.700687,-122.495305
Dakota Creek,DAK,9/15/2020,100-P,1,48.973115,-122.732984
Dakota Creek,DAK,9/16/2020,100-P,0,48.973115,-122.732984
Dakota Creek,DAK,9/15/2020,1056-B,1,48.972596,-122.732048
Dakota Creek,DAK,9/16/2020,1056-B,2,48.972596,-122.732048
Dakota Creek,DAK,9/3/2020,1059-B,0,48.973794,-122.737139
Dakota Creek,DAK,9/15/2020,1068-B,0,48.973425,-122.73359
Dakota Creek,DAK,9/16/2020,1068-B,0,48.973425,-122.73359
Dakota Creek,DAK,9/30/2020,1071-B,0,48.972371,-122.731212
Dakota Creek,DAK,9/3/2020,108-Y,0,48.973795,-122.736953
Dakota Creek,DAK,9/30/2020,1142-B,0,48.972946,-122.731506
Dakota Creek,DAK,9/15/2020,1178-B,0,48.972917,-122.732588
Dakota Creek,DAK,9/16/2020,1178-B,0,48.972917,-122.732588
Dakota Creek,DAK,9/1/2020,1180-B,0,48.973841,-122.735345
Dakota Creek,DAK,9/2/2020,1180-B,0,48.973841,-122.735345
Dakota Creek,DAK,9/3/2020,1180-B,0,48.973841,-122.735345
Dakota Creek,DAK,9/15/2020,1184-B,2,48.973217,-122.733209
Dakota Creek,DAK,9/16/2020,1184-B,0,48.973217,-122.733209
Dakota Creek,DAK,9/3/2020,1187-B,0,48.973798,-122.736063
Dakota Creek,DAK,9/15/2020,1190-B,0,48.973312,-122.733401
Dakota Creek,DAK,9/16/2020,1190-B,1,48.973312,-122.733401
Dakota Creek,DAK,9/15/2020,1193-B,1,48.973559,-122.733968
Dakota Creek,DAK,9/16/2020,1193-B,1,48.973559,-122.733968
Dakota Creek,DAK,9/3/2020,11-P,0,48.973785,-122.736512
Dakota Creek,DAK,9/3/2020,126-P,0,48.973461,-122.733255
Dakota Creek,DAK,9/15/2020,128-Y,4,48.972817,-122.732679
Dakota Creek,DAK,9/16/2020,128-Y,1,48.972817,-122.732679
Dakota Creek,DAK,9/30/2020,128-Y,0,48.972387,-122.730683
Dakota Creek,DAK,9/15/2020,129-Y,1,48.973161,-122.733081
Dakota Creek,DAK,9/16/2020,129-Y,0,48.973161,-122.733081
Dakota Creek,DAK,9/30/2020,129-Y,0,48.972564,-122.73169
Dakota Creek,DAK,9/3/2020,135-P,1,48.974025,-122.735396
Dakota Creek,DAK,9/1/2020,1366-P,0,48.973839,-122.734398
Dakota Creek,DAK,9/2/2020,1366-P,0,48.973839,-122.734398
Dakota Creek,DAK,9/3/2020,1366-P,0,48.973839,-122.734398
Dakota Creek,DAK,9/3/2020,1367-P,0,48.973791,-122.737649
Dakota Creek,DAK,9/30/2020,1367-P,0,48.972416,-122.730379
Dakota Creek,DAK,9/15/2020,1368-P,4,48.973006,-122.732773
Dakota Creek,DAK,9/16/2020,1368-P,1,48.973006,-122.732773
Dakota Creek,DAK,9/30/2020,136-P,0,48.972363,-122.730842
Dakota Creek,DAK,9/1/2020,1372-P,1,48.973727,-122.733994
Dakota Creek,DAK,9/2/2020,1372-P,0,48.973727,-122.733994
Dakota Creek,DAK,9/3/2020,1372-P,0,48.973727,-122.733994
Dakota Creek,DAK,9/3/2020,1378-P,0,48.972726,-122.732051
Dakota Creek,DAK,9/15/2020,1387-P,1,48.9725,-122.73202
Dakota Creek,DAK,9/16/2020,1387-P,0,48.9725,-122.73202
Dakota Creek,DAK,9/3/2020,138-P,0,48.973789,-122.736711
Dakota Creek,DAK,9/15/2020,143-Y,0,48.972437,-122.731963
Dakota Creek,DAK,9/16/2020,143-Y,0,48.972437,-122.731963
Dakota Creek,DAK,9/30/2020,143-Y,0,48.972354,-122.730958
Dakota Creek,DAK,9/3/2020,145-P,2,48.973151,-122.732715
Dakota Creek,DAK,9/30/2020,147-P,1,48.972397,-122.730596
Dakota Creek,DAK,9/16/2020,150-Y,0,48.973063,-122.732878
Dakota Creek,DAK,9/15/2020,153-Y,1,48.972863,-122.732459
Dakota Creek,DAK,9/16/2020,153-Y,0,48.972863,-122.732459
Dakota Creek,DAK,9/15/2020,155-Y,0,48.973263,-122.733295
Dakota Creek,DAK,9/16/2020,155-Y,0,48.973263,-122.733295
Dakota Creek,DAK,9/15/2020,160-Y,5,48.973063,-122.732878
Dakota Creek,DAK,9/30/2020,167-R,0,48.972487,-122.73155
Dakota Creek,DAK,9/15/2020,169-Y,0,48.972753,-122.732284
Dakota Creek,DAK,9/16/2020,169-Y,0,48.972753,-122.732284
Dakota Creek,DAK,9/30/2020,169-Y,0,48.972441,-122.73146
Dakota Creek,DAK,9/3/2020,16-P,0,48.973356,-122.733173
Dakota Creek,DAK,9/15/2020,172-Y,4,48.97337,-122.733487
Dakota Creek,DAK,9/16/2020,172-Y,2,48.97337,-122.733487
Dakota Creek,DAK,9/1/2020,18-P,4,48.973505,-122.733474
Dakota Creek,DAK,9/2/2020,18-P,1,48.973505,-122.733474
Dakota Creek,DAK,9/3/2020,18-P,2,48.973505,-122.733474
Dakota Creek,DAK,9/3/2020,23-P,1,48.973053,-122.732552
Dakota Creek,DAK,9/1/2020,2-P,0,48.973661,-122.733835
Dakota Creek,DAK,9/2/2020,2-P,2,48.973661,-122.733835
Dakota Creek,DAK,9/3/2020,2-P,0,48.973661,-122.733835
Dakota Creek,DAK,9/15/2020,364-R,0,48.973609,-122.734098
Dakota Creek,DAK,9/16/2020,364-R,0,48.973609,-122.734098
Dakota Creek,DAK,9/15/2020,367-R,1,48.973441,-122.733717
Dakota Creek,DAK,9/16/2020,367-R,0,48.973441,-122.733717
Dakota Creek,DAK,9/15/2020,369-R,1,48.973523,-122.733894
Dakota Creek,DAK,9/16/2020,369-R,1,48.973523,-122.733894
Dakota Creek,DAK,9/30/2020,369-R,0,48.97263,-122.731871
Dakota Creek,DAK,9/30/2020,371-R,0,48.972525,-122.73161
Dakota Creek,DAK,9/3/2020,388-R,0,48.972958,-122.732356
Dakota Creek,DAK,9/30/2020,45-P,0,48.972408,-122.730243
Dakota Creek,DAK,9/3/2020,4-P,0,48.972652,-122.7319
Dakota Creek,DAK,9/3/2020,50-P,0,48.973795,-122.736283
Dakota Creek,DAK,9/3/2020,570-P,0,48.972826,-122.732243
Dakota Creek,DAK,9/3/2020,57-P,0,48.973284,-122.73302
Dakota Creek,DAK,9/15/2020,584-P,0,48.973501,-122.733779
Dakota Creek,DAK,9/16/2020,584-P,0,48.973501,-122.733779
Dakota Creek,DAK,9/1/2020,59-P,0,48.973592,-122.733635
Dakota Creek,DAK,9/2/2020,59-P,0,48.973592,-122.733635
Dakota Creek,DAK,9/3/2020,59-P,0,48.973592,-122.733635
Dakota Creek,DAK,9/30/2020,59-P,0,48.972493,-122.731086
Dakota Creek,DAK,9/3/2020,604-P,1,48.97381,-122.737369
Dakota Creek,DAK,9/15/2020,609-P,1,48.972656,-122.732118
Dakota Creek,DAK,9/16/2020,609-P,0,48.972656,-122.732118
Dakota Creek,DAK,9/3/2020,618-P,0,48.974015,-122.735305
Dakota Creek,DAK,9/3/2020,619-P,3,48.973209,-122.732867
Dakota Creek,DAK,9/30/2020,620-P,0,48.972409,-122.73007
Dakota Creek,DAK,9/3/2020,623-P,0,48.973807,-122.73556
Dakota Creek,DAK,9/1/2020,629-P,2,48.97387,-122.734576
Dakota Creek,DAK,9/2/2020,629-P,0,48.97387,-122.734576
Dakota Creek,DAK,9/3/2020,629-P,1,48.97387,-122.734576
Dakota Creek,DAK,9/1/2020,635-P,2,48.97383,-122.735154
Dakota Creek,DAK,9/2/2020,635-P,4,48.97383,-122.735154
Dakota Creek,DAK,9/3/2020,635-P,0,48.97383,-122.735154
Dakota Creek,DAK,9/1/2020,636-P,1,48.973785,-122.734182
Dakota Creek,DAK,9/2/2020,636-P,0,48.973785,-122.734182
Dakota Creek,DAK,9/3/2020,636-P,0,48.973785,-122.734182
Dakota Creek,DAK,9/15/2020,638-P,5,48.972541,-122.732077
Dakota Creek,DAK,9/16/2020,638-P,1,48.972541,-122.732077
Dakota Creek,DAK,9/30/2020,63-P,0,48.972429,-122.730142
Dakota Creek,DAK,9/3/2020,640-P,0,48.973805,-122.735842
Dakota Creek,DAK,9/15/2020,64-P,0,48.972709,-122.732187
Dakota Creek,DAK,9/16/2020,64-P,0,48.972709,-122.732187
Dakota Creek,DAK,9/15/2020,74-P,2,48.972823,-122.732372
Dakota Creek,DAK,9/16/2020,74-P,0,48.972823,-122.732372
Dakota Creek,DAK,9/30/2020,7-P,0,48.972411,-122.730489
Dakota Creek,DAK,9/1/2020,80-P,0,48.973843,-122.73485
Dakota Creek,DAK,9/2/2020,80-P,0,48.973843,-122.73485
Dakota Creek,DAK,9/3/2020,80-P,0,48.973843,-122.73485
Dakota Creek,DAK,9/30/2020,89-P,0,48.972606,-122.731766
Dungeness Base Lagoon,DBL,9/17/2020,,0,48.14646956,-123.183508
Dungeness Base Lagoon,DBL,9/17/2020,,0,48.14642267,-123.1835652
Dungeness Base Lagoon,DBL,9/17/2020,,0,48.14644356,-123.1836537
Dungeness Base Lagoon,DBL,9/17/2020,,0,48.14645289,-123.1837126
Dungeness Base Lagoon,DBL,9/30/2020,,0,48.14646956,-123.183508
Dungeness Base Lagoon,DBL,9/30/2020,,0,48.14642267,-123.1835652
Dungeness Base Lagoon,DBL,9/30/2020,,0,48.14644356,-123.1836537
Dungeness Base Lagoon,DBL,9/30/2020,,0,48.14645289,-123.1837126
Dungeness East Lagoon,DEL,9/29/2020,,0,48.17651811,-123.127894
Dungeness East Lagoon,DEL,9/29/2020,,0,48.17648944,-123.1279768
Dungeness East Lagoon,DEL,9/29/2020,,0,48.17646667,-123.1280933
Dungeness East Lagoon,DEL,9/29/2020,,0,48.17644333,-123.1281817
Dungeness East Lagoon,DEL,9/29/2020,,0,48.17641,-123.1282768
Dungeness East Lagoon,DEL,9/29/2020,,0,48.17654833,-123.12779
Graveyard Spit Channel,GSC,9/17/2020,,0,48.174663,-123.1386298
Graveyard Spit Channel,GSC,9/17/2020,,0,48.173235,-123.1373878
Graveyard Spit Channel,GSC,9/17/2020,,0,48.17331167,-123.1374167
Graveyard Spit Channel,GSC,9/17/2020,,0,48.17341933,-123.1374863
Graveyard Spit Channel,GSC,9/17/2020,,0,48.17354078,-123.1374861
Graveyard Spit Channel,GSC,9/17/2020,,0,48.17362878,-123.1374577
Graveyard Spit Channel,GSC,9/17/2020,,0,48.17371689,-123.137365
Graveyard Spit Channel,GSC,9/17/2020,,0,48.173635,-123.1371881
Graveyard Spit Channel,GSC,9/17/2020,,0,48.17358756,-123.1371308
Graveyard Spit Channel,GSC,9/17/2020,,0,48.17352,-123.1370607
Graveyard Spit Channel,GSC,9/17/2020,,0,48.17346056,-123.1369946
Graveyard Spit Channel,GSC,9/17/2020,,0,48.17385667,-123.1360667
Graveyard Spit Channel,GSC,9/17/2020,,0,48.17382867,-123.1360574
Graveyard Spit Channel,GSC,9/17/2020,,0,48.17394244,-123.1363789
Graveyard Spit Channel,GSC,9/17/2020,,0,48.173947,-123.1364937
Graveyard Spit Channel,GSC,9/17/2020,,0,48.17394722,-123.1366178
Graveyard Spit Channel,GSC,9/17/2020,,0,48.17389433,-123.1368202
Graveyard Spit Channel,GSC,9/17/2020,,0,48.173894,-123.1369583
Graveyard Spit Channel,GSC,9/17/2020,,0,48.17389533,-123.1370116
Graveyard Spit Channel,GSC,9/17/2020,,0,48.17422333,-123.1372433
Graveyard Spit Channel,GSC,9/17/2020,,0,48.17439478,-123.1374314
Graveyard Spit Channel,GSC,9/17/2020,,0,48.17449167,-123.1375098
Graveyard Spit Channel,GSC,9/17/2020,,0,48.17450433,-123.1376613
Graveyard Spit Channel,GSC,9/17/2020,,0,48.17450167,-123.1378383
Graveyard Spit Channel,GSC,9/17/2020,,0,48.17455944,-123.1379587
Graveyard Spit Channel,GSC,9/17/2020,,0,48.174655,-123.1380012
Graveyard Spit Channel,GSC,9/17/2020,,0,48.17475833,-123.1379583
Graveyard Spit Channel,GSC,9/17/2020,,0,48.17485333,-123.1379717
Graveyard Spit Channel,GSC,9/17/2020,,0,48.17495711,-123.138069
Graveyard Spit Channel,GSC,9/17/2020,,0,48.17494311,-123.1382259
Graveyard Spit Channel,GSC,9/17/2020,,0,48.17500344,-123.1383383
Graveyard Spit Channel,GSC,9/17/2020,,0,48.175052,-123.1384219
Graveyard Spit Channel,GSC,9/17/2020,,0,48.17503167,-123.1385517
Graveyard Spit Channel,GSC,9/17/2020,,0,48.17493567,-123.1385969
Graveyard Spit Channel,GSC,9/17/2020,,0,48.17477444,-123.1385917
Graveyard Spit Channel,GSC,9/17/2020,,0,48.17345488,-123.1366236
Graveyard Spit Channel,GSC,9/17/2020,,0,48.17355833,-123.1366276
Graveyard Spit Channel,GSC,9/17/2020,,0,48.173625,-123.13657
Graveyard Spit Channel,GSC,9/17/2020,,0,48.17369,-123.1365467
Graveyard Spit Channel,GSC,9/17/2020,,0,48.17372833,-123.1363202
Graveyard Spit Channel,GSC,9/17/2020,,0,48.17373433,-123.136437
Graveyard Spit Channel,GSC,9/30/2020,,0,48.174663,-123.1386298
Graveyard Spit Channel,GSC,9/30/2020,,0,48.173235,-123.1373878
Graveyard Spit Channel,GSC,9/30/2020,,0,48.17331167,-123.1374167
Graveyard Spit Channel,GSC,9/30/2020,,0,48.17341933,-123.1374863
Graveyard Spit Channel,GSC,9/30/2020,,0,48.17354078,-123.1374861
Graveyard Spit Channel,GSC,9/30/2020,,0,48.17362878,-123.1374577
Graveyard Spit Channel,GSC,9/30/2020,,0,48.17371689,-123.137365
Graveyard Spit Channel,GSC,9/30/2020,,0,48.173635,-123.1371881
Graveyard Spit Channel,GSC,9/30/2020,,0,48.17358756,-123.1371308
Graveyard Spit Channel,GSC,9/30/2020,,0,48.17352,-123.1370607
Graveyard Spit Channel,GSC,9/30/2020,,0,48.17346056,-123.1369946
Graveyard Spit Channel,GSC,9/30/2020,,0,48.17345488,-123.1366236
Graveyard Spit Channel,GSC,9/30/2020,,0,48.17355833,-123.1366276
Graveyard Spit Channel,GSC,9/30/2020,,0,48.173625,-123.13657
Graveyard Spit Channel,GSC,9/30/2020,,0,48.17369,-123.1365467
Graveyard Spit Channel,GSC,9/30/2020,,0,48.17372833,-123.1363202
Graveyard Spit Channel,GSC,9/30/2020,,0,48.17373433,-123.136437
Graveyard Spit Channel,GSC,9/30/2020,,0,48.17385667,-123.1360667
Graveyard Spit Channel,GSC,9/30/2020,,0,48.17382867,-123.1360574
Graveyard Spit Channel,GSC,9/30/2020,,0,48.17394244,-123.1363789
Graveyard Spit Channel,GSC,9/30/2020,,0,48.173947,-123.1364937
Graveyard Spit Channel,GSC,9/30/2020,,0,48.17394722,-123.1366178
Graveyard Spit Channel,GSC,9/30/2020,,0,48.17389433,-123.1368202
Graveyard Spit Channel,GSC,9/30/2020,,0,48.173894,-123.1369583
Graveyard Spit Channel,GSC,9/30/2020,,0,48.17389533,-123.1370116
Graveyard Spit Channel,GSC,9/30/2020,,0,48.17422333,-123.1372433
Graveyard Spit Channel,GSC,9/30/2020,,0,48.17439478,-123.1374314
Graveyard Spit Channel,GSC,9/30/2020,,0,48.17449167,-123.1375098
Graveyard Spit Channel,GSC,9/30/2020,,0,48.17450433,-123.1376613
Graveyard Spit Channel,GSC,9/30/2020,,0,48.17450167,-123.1378383
Graveyard Spit Channel,GSC,9/30/2020,,0,48.17455944,-123.1379587
Graveyard Spit Channel,GSC,9/30/2020,,0,48.174655,-123.1380012
Graveyard Spit Channel,GSC,9/30/2020,,0,48.17475833,-123.1379583
Graveyard Spit Channel,GSC,9/30/2020,,0,48.17485333,-123.1379717
Graveyard Spit Channel,GSC,9/30/2020,,0,48.17495711,-123.138069
Graveyard Spit Channel,GSC,9/30/2020,,0,48.17494311,-123.1382259
Graveyard Spit Channel,GSC,9/30/2020,,0,48.17500344,-123.1383383
Graveyard Spit Channel,GSC,9/30/2020,,0,48.175052,-123.1384219
Graveyard Spit Channel,GSC,9/30/2020,,0,48.17503167,-123.1385517
Graveyard Spit Channel,GSC,9/30/2020,,0,48.17493567,-123.1385969
Graveyard Spit Channel,GSC,9/30/2020,,0,48.17477444,-123.1385917
Graveyard Spit Channel,GSC,9/30/2020,,0,48.17536244,-123.1390022
Graveyard Spit Channel,GSC,9/30/2020,,0,48.17532167,-123.1390967
Graveyard Spit Channel,GSC,9/30/2020,,0,48.17531994,-123.1392913
Graveyard Spit Channel,GSC,9/30/2020,,0,48.175235,-123.1394001
Indian_Island,IND,9/16/2020,,0,48.025401,-122.716662
Indian_Island,IND,9/16/2020,,0,48.025401,-122.716662
Indian_Island,IND,9/16/2020,,0,48.025401,-122.716662
Jimmycomelately,JIM,8/27/2020,,0,NA,NA
Jimmycomelately,JIM,8/27/2020,,0,NA,NA
Jimmycomelately,JIM,8/27/2020,,0,NA,NA
Jimmycomelately,JIM,8/27/2020,,0,NA,NA
Jimmycomelately,JIM,8/27/2020,,0,NA,NA
Jimmycomelately,JIM,8/27/2020,,0,NA,NA
Jimmycomelately,JIM,8/27/2020,,0,NA,NA
Jimmycomelately,JIM,8/27/2020,,0,NA,NA
Jimmycomelately,JIM,8/27/2020,,0,NA,NA
Jimmycomelately,JIM,8/27/2020,,0,NA,NA
Jimmycomelately,JIM,8/27/2020,,0,NA,NA
Jimmycomelately,JIM,8/27/2020,,0,NA,NA
Jimmycomelately,JIM,8/27/2020,,0,NA,NA
Jimmycomelately,JIM,8/27/2020,,0,NA,NA
Jimmycomelately,JIM,8/27/2020,,0,NA,NA
Jimmycomelately,JIM,8/27/2020,,0,NA,NA
Jimmycomelately,JIM,8/27/2020,,0,NA,NA
Jimmycomelately,JIM,8/27/2020,,0,NA,NA
Jimmycomelately,JIM,8/27/2020,,0,NA,NA
Jimmycomelately,JIM,8/27/2020,,0,NA,NA
Jimmycomelately,JIM,8/28/2020,,0,NA,NA
Jimmycomelately,JIM,8/28/2020,,0,NA,NA
Jimmycomelately,JIM,8/28/2020,,0,NA,NA
Jimmycomelately,JIM,8/28/2020,,0,NA,NA
Jimmycomelately,JIM,8/28/2020,,0,NA,NA
Jimmycomelately,JIM,8/28/2020,,0,NA,NA
Jimmycomelately,JIM,8/28/2020,,0,NA,NA
Jimmycomelately,JIM,8/28/2020,,0,NA,NA
Jimmycomelately,JIM,8/28/2020,,0,NA,NA
Jimmycomelately,JIM,8/28/2020,,0,NA,NA
Jimmycomelately,JIM,8/28/2020,,0,NA,NA
Jimmycomelately,JIM,8/28/2020,,0,NA,NA
Jimmycomelately,JIM,8/28/2020,,0,NA,NA
Jimmycomelately,JIM,8/28/2020,,0,NA,NA
Jimmycomelately,JIM,8/28/2020,,0,NA,NA
Jimmycomelately,JIM,8/28/2020,,0,NA,NA
Jimmycomelately,JIM,8/28/2020,,0,NA,NA
Jimmycomelately,JIM,8/28/2020,,0,NA,NA
Jimmycomelately,JIM,8/28/2020,,0,NA,NA
Jimmycomelately,JIM,8/28/2020,,0,NA,NA
Jimmycomelately,JIM,9/17/2020,,0,NA,NA
Jimmycomelately,JIM,9/17/2020,,0,NA,NA
Jimmycomelately,JIM,9/17/2020,,0,NA,NA
Johns River South,JOR,9/16/2020,30-P,1,46.900656,-123.993658
Johns River South,JOR,9/16/2020,103-Y,3,46.900063,-123.992539
Johns River South,JOR,9/17/2020,103-Y,2,46.900063,-123.992539
Johns River South,JOR,9/16/2020,1098-Y,1,46.900959,-123.992304
Johns River South,JOR,9/17/2020,1098-Y,0,46.900959,-123.992304
Johns River South,JOR,9/16/2020,1100-Y,0,46.900485,-123.992385
Johns River South,JOR,9/17/2020,1100-Y,0,46.900485,-123.992385
Johns River South,JOR,9/16/2020,1138-B,0,46.899573,-123.991475
Johns River South,JOR,9/17/2020,1138-B,1,46.900593,-123.99388
Johns River South,JOR,9/16/2020,1176-Y,0,46.899393,-123.992114
Johns River South,JOR,9/17/2020,1176-Y,3,46.900573,-123.994262
Johns River South,JOR,9/16/2020,1181-Y,1,46.900924,-123.992705
Johns River South,JOR,9/17/2020,1181-Y,1,46.900924,-123.992705
Johns River South,JOR,9/16/2020,1182-Y,1,46.900027,-123.99217
Johns River South,JOR,9/17/2020,1182-Y,0,46.900027,-123.99217
Johns River South,JOR,9/16/2020,1194-Y,1,46.900685,-123.991915
Johns River South,JOR,9/17/2020,1194-Y,0,46.900685,-123.991915
Johns River South,JOR,9/16/2020,152-Y,0,46.899318,-123.992059
Johns River South,JOR,9/17/2020,152-Y,1,46.900794,-123.993354
Johns River South,JOR,9/16/2020,155-P,0,46.900846,-123.99304
Johns River South,JOR,9/17/2020,155-P,0,46.900846,-123.99304
Johns River South,JOR,9/16/2020,176-Y,2,46.899681,-123.991827
Johns River South,JOR,9/17/2020,176-Y,2,46.899681,-123.991827
Johns River South,JOR,9/16/2020,178-Y,1,46.900737,-123.993463
Johns River South,JOR,9/17/2020,178-Y,3,46.900737,-123.993463
Johns River South,JOR,9/16/2020,185-P,0,46.899723,-123.991121
Johns River South,JOR,9/17/2020,185-P,2,46.900344,-123.994653
Johns River South,JOR,9/16/2020,190-Y,0,46.899921,-123.992203
Johns River South,JOR,9/17/2020,190-Y,0,46.899921,-123.992203
Johns River South,JOR,9/16/2020,191-P,0,46.900529,-123.9941
Johns River South,JOR,9/17/2020,191-P,1,46.900529,-123.9941
Johns River South,JOR,9/17/2020,30-P,1,46.900656,-123.993658
Johns River South,JOR,9/16/2020,564-P,2,46.900603,-123.992107
Johns River South,JOR,9/17/2020,564-P,4,46.900603,-123.992107
Johns River South,JOR,9/16/2020,585-P,2,46.90018,-123.992228
Johns River South,JOR,9/17/2020,585-P,1,46.90018,-123.992228
Johns River South,JOR,9/16/2020,662-P,1,46.900988,-123.992486
Johns River South,JOR,9/17/2020,662-P,0,46.900988,-123.992486
Johns River South,JOR,9/16/2020,678-P,1,46.89996,-123.992015
Johns River South,JOR,9/17/2020,678-P,0,46.89996,-123.992015
KVI Beach,KVI,9/30/2020,,0,47.4227576,-122.4306703
KVI Beach,KVI,9/30/2020,,0,47.4227576,-122.4306703
KVI Beach,KVI,9/30/2020,,0,47.4227576,-122.4306703
No Name Creek,NON,9/2/2020,1059-B,0,48.96812,-122.732892
No Name Creek,NON,9/1/2020,1059-B,0,48.96812,-122.732892
No Name Creek,NON,9/2/2020,108-Y,0,48.968196,-122.733133
No Name Creek,NON,9/1/2020,108-Y,0,48.968196,-122.733133
No Name Creek,NON,10/14/2020,1143-B,0,48.968143,-122.733462
No Name Creek,NON,10/13/2020,1143-B,0,48.968143,-122.733462
No Name Creek,NON,9/15/2020,1143-B,0,48.968223,-122.733319
No Name Creek,NON,9/2/2020,11-P,0,48.968143,-122.733462
No Name Creek,NON,9/1/2020,11-P,0,48.968143,-122.733462
No Name Creek,NON,9/15/2020,126-P,0,48.96812,-122.732892
No Name Creek,NON,9/2/2020,126-P,0,48.968172,-122.73338
No Name Creek,NON,9/1/2020,126-P,0,48.968172,-122.73338
No Name Creek,NON,10/14/2020,130-P,0,48.968234,-122.733225
No Name Creek,NON,10/13/2020,130-P,0,48.968234,-122.733225
No Name Creek,NON,9/15/2020,1366-P,0,48.968177,-122.733036
No Name Creek,NON,9/2/2020,1367-P,0,48.968234,-122.733225
No Name Creek,NON,9/1/2020,1367-P,0,48.968234,-122.733225
No Name Creek,NON,10/14/2020,1371-P,0,48.968177,-122.733036
No Name Creek,NON,10/13/2020,1371-P,0,48.968177,-122.733036
No Name Creek,NON,10/14/2020,1373-P,0,48.968172,-122.73338
No Name Creek,NON,10/13/2020,1373-P,0,48.968172,-122.73338
No Name Creek,NON,9/15/2020,1378-P,0,48.968172,-122.73338
No Name Creek,NON,9/2/2020,1378-P,0,48.968177,-122.733036
No Name Creek,NON,9/1/2020,1378-P,0,48.968177,-122.733036
No Name Creek,NON,9/15/2020,149-P,0,48.968234,-122.733225
No Name Creek,NON,9/2/2020,16-P,0,48.968136,-122.732941
No Name Creek,NON,9/1/2020,16-P,0,48.968136,-122.732941
No Name Creek,NON,10/14/2020,21-P,0,48.968136,-122.732941
No Name Creek,NON,10/13/2020,21-P,0,48.968136,-122.732941
No Name Creek,NON,9/2/2020,23-P,0,48.968223,-122.733319
No Name Creek,NON,9/1/2020,23-P,0,48.968223,-122.733319
No Name Creek,NON,10/14/2020,381-R,0,48.967992,-122.733701
No Name Creek,NON,10/13/2020,381-R,0,48.967992,-122.733701
No Name Creek,NON,9/15/2020,4-P,0,48.968136,-122.732941
No Name Creek,NON,10/14/2020,50-P,0,48.96812,-122.732892
No Name Creek,NON,10/13/2020,50-P,0,48.96812,-122.732892
No Name Creek,NON,9/15/2020,57-P,0,48.968085,-122.733561
No Name Creek,NON,9/2/2020,57-P,0,48.968085,-122.733561
No Name Creek,NON,9/1/2020,57-P,0,48.968085,-122.733561
No Name Creek,NON,10/14/2020,604-P,0,48.968196,-122.733133
No Name Creek,NON,10/13/2020,604-P,0,48.968196,-122.733133
No Name Creek,NON,9/2/2020,604-P,0,48.967992,-122.733701
No Name Creek,NON,9/1/2020,604-P,0,48.967992,-122.733701
No Name Creek,NON,9/15/2020,619-P,0,48.968143,-122.733462
No Name Creek,NON,10/14/2020,623-P,0,48.968223,-122.733319
No Name Creek,NON,10/13/2020,623-P,0,48.968223,-122.733319
No Name Creek,NON,10/14/2020,63-P,0,48.968085,-122.733561
No Name Creek,NON,10/13/2020,63-P,0,48.968085,-122.733561
No Name Creek,NON,9/15/2020,648-P,0,48.968196,-122.733133
No Name Creek,NON,9/15/2020,7-P,0,48.967992,-122.733701
OSH,OSH,9/4/2020,,2,NA,NA
OSH,OSH,9/4/2020,,1,NA,NA
OSH,OSH,9/4/2020,,0,NA,NA
OSH,OSH,9/30/2020,103-Y,5,46.998572,-124.13966
OSH,OSH,10/1/2020,103-Y,1,46.998572,-124.13966
OSH,OSH,9/30/2020,1098-Y,12,46.998707,-124.138026
OSH,OSH,10/1/2020,1098-Y,2,46.998707,-124.138026
OSH,OSH,9/30/2020,1135-B,12,46.998405,-124.139713
OSH,OSH,10/1/2020,1135-B,8,46.998405,-124.139713
OSH,OSH,9/30/2020,113-Y,7,46.999279,-124.138126
OSH,OSH,10/1/2020,113-Y,7,46.999279,-124.138126
OSH,OSH,9/30/2020,1156-Y,3,46.999132,-124.138111
OSH,OSH,10/1/2020,1156-Y,2,46.999132,-124.138111
OSH,OSH,9/30/2020,1175-Y,0,46.998415,-124.139412
OSH,OSH,10/1/2020,1175-Y,1,46.998415,-124.139412
OSH,OSH,9/30/2020,1176-Y,5,46.998438,-124.138872
OSH,OSH,10/1/2020,1176-Y,3,46.998438,-124.138872
OSH,OSH,9/30/2020,1181-Y,17,46.999624,-124.137571
OSH,OSH,10/1/2020,1181-Y,4,46.999624,-124.137571
OSH,OSH,9/30/2020,1182-Y,5,46.999508,-124.138132
OSH,OSH,10/1/2020,1182-Y,3,46.999508,-124.138132
OSH,OSH,9/30/2020,1194-Y,14,46.998614,-124.138494
OSH,OSH,10/1/2020,1194-Y,1,46.998614,-124.138494
OSH,OSH,9/30/2020,1196-Y,16,46.99841,-124.138585
OSH,OSH,10/1/2020,1196-Y,2,46.99841,-124.138585
OSH,OSH,9/30/2020,1199-Y,19,46.998791,-124.13814
OSH,OSH,10/1/2020,1199-Y,5,46.998791,-124.13814
OSH,OSH,9/30/2020,1200-Y,0,46.999406,-124.138061
OSH,OSH,10/1/2020,1200-Y,0,46.999406,-124.138061
OSH,OSH,9/30/2020,1306-G,14,46.998475,-124.13961
OSH,OSH,10/1/2020,1306-G,3,46.998475,-124.13961
OSH,OSH,9/30/2020,146-Y,4,46.998385,-124.139588
OSH,OSH,10/1/2020,146-Y,5,46.998385,-124.139588
OSH,OSH,9/30/2020,152-P,5,46.998445,-124.139279
OSH,OSH,10/1/2020,152-P,4,46.998445,-124.139279
OSH,OSH,9/30/2020,155-P,10,46.998486,-124.13851
OSH,OSH,10/1/2020,155-P,1,46.998486,-124.13851
OSH,OSH,9/30/2020,161-P,8,46.998433,-124.13902
OSH,OSH,10/1/2020,161-P,3,46.998433,-124.13902
OSH,OSH,9/30/2020,187-P,3,46.998742,-124.138306
OSH,OSH,10/1/2020,187-P,5,46.998742,-124.138306
OSH,OSH,9/30/2020,190-Y,3,46.998432,-124.139116
OSH,OSH,10/1/2020,190-Y,1,46.998432,-124.139116
OSH,OSH,9/30/2020,390-R,6,46.999563,-124.137879
OSH,OSH,10/1/2020,390-R,9,46.999563,-124.137879
OSH,OSH,9/30/2020,564-P,12,46.99843,-124.139555
OSH,OSH,10/1/2020,564-P,4,46.99843,-124.139555
OSH,OSH,9/30/2020,614-P,12,46.999583,-124.138279
OSH,OSH,10/1/2020,614-P,6,46.999583,-124.138279
OSH,OSH,9/30/2020,643-P,4,46.998635,-124.138267
OSH,OSH,10/1/2020,643-P,7,46.998635,-124.138267
OSH,OSH,9/30/2020,647-P,10,46.998238,-124.137833
OSH,OSH,10/1/2020,647-P,6,46.998238,-124.137833
OSH,OSH,9/30/2020,678-P,15,46.998421,-124.138701
OSH,OSH,10/1/2020,678-P,6,46.998421,-124.138701
OSH,OSH,9/30/2020,695-P,12,46.998976,-124.138059
OSH,OSH,10/1/2020,695-P,9,46.998976,-124.138059
Pillars,PIL,8/28/2020,20-P,0,48.988521,-122.753649
Pillars,PIL,9/1/2020,132-Y,0,48.988521,-122.753649
Pillars,PIL,9/2/2020,132-Y,0,48.988521,-122.753649
Pillars,PIL,9/3/2020,132-Y,0,48.988521,-122.753649
Pillars,PIL,9/4/2020,132-Y,0,48.988521,-122.753649
Pillars,PIL,9/11/2020,149-Y,0,48.988521,-122.753649
Pillars,PIL,9/15/2020,618-P,0,48.988521,-122.753649
Pillars,PIL,9/16/2020,618-P,0,48.988521,-122.753649
Pillars,PIL,9/29/2020,1143-B,1,48.988521,-122.753649
Pillars,PIL,9/30/2020,1143-B,0,48.988521,-122.753649
Pillars,PIL,10/1/2020,1143-B,0,48.988521,-122.753649
Pillars,PIL,10/2/2020,1143-B,0,48.988521,-122.753649
Pillars,PIL,10/13/2020,624-P,0,48.988521,-122.753649
Pillars,PIL,10/14/2020,624-P,0,48.988521,-122.753649
Pillars,PIL,10/15/2020,624-P,0,48.988521,-122.753649
Pillars,PIL,8/28/2020,1143-B,0,48.988556,-122.754087
Pillars,PIL,9/1/2020,366-R,0,48.988556,-122.754087
Pillars,PIL,9/2/2020,366-R,0,48.988556,-122.754087
Pillars,PIL,9/3/2020,366-R,0,48.988556,-122.754087
Pillars,PIL,9/4/2020,366-R,0,48.988556,-122.754087
Pillars,PIL,9/11/2020,640-P,0,48.988556,-122.754087
Pillars,PIL,9/15/2020,381-R,0,48.988556,-122.754087
Pillars,PIL,9/16/2020,381-R,0,48.988556,-122.754087
Pillars,PIL,9/29/2020,645-P,0,48.988556,-122.754087
Pillars,PIL,9/30/2020,645-P,0,48.988556,-122.754087
Pillars,PIL,10/1/2020,645-P,0,48.988556,-122.754087
Pillars,PIL,10/2/2020,645-P,0,48.988556,-122.754087
Pillars,PIL,10/13/2020,608-P,0,48.988556,-122.754087
Pillars,PIL,10/14/2020,608-P,0,48.988556,-122.754087
Pillars,PIL,10/15/2020,608-P,0,48.988556,-122.754087
Pillars,PIL,8/28/2020,8-P,0,48.988587,-122.754802
Pillars,PIL,9/1/2020,150-Y,0,48.988587,-122.754802
Pillars,PIL,9/2/2020,150-Y,0,48.988587,-122.754802
Pillars,PIL,9/3/2020,150-Y,0,48.988587,-122.754802
Pillars,PIL,9/4/2020,150-Y,0,48.988587,-122.754802
Pillars,PIL,9/11/2020,570-P,0,48.988587,-122.754802
Pillars,PIL,9/15/2020,623-P,0,48.988587,-122.754802
Pillars,PIL,9/16/2020,623-P,0,48.988587,-122.754802
Pillars,PIL,9/29/2020,149-Y,0,48.988587,-122.754802
Pillars,PIL,9/30/2020,149-Y,0,48.988587,-122.754802
Pillars,PIL,10/1/2020,149-Y,0,48.988587,-122.754802
Pillars,PIL,10/2/2020,149-Y,0,48.988587,-122.754802
Pillars,PIL,10/13/2020,18-P,0,48.988587,-122.754802
Pillars,PIL,10/14/2020,18-P,0,48.988587,-122.754802
Pillars,PIL,10/15/2020,18-P,0,48.988587,-122.754802
Pillars,PIL,8/28/2020,1060-B,0,48.988615,-122.753806
Pillars,PIL,9/1/2020,51-P,0,48.988615,-122.753806
Pillars,PIL,9/2/2020,51-P,0,48.988615,-122.753806
Pillars,PIL,9/3/2020,51-P,0,48.988615,-122.753806
Pillars,PIL,9/4/2020,51-P,0,48.988615,-122.753806
Pillars,PIL,9/11/2020,145-P,0,48.988615,-122.753806
Pillars,PIL,9/15/2020,140-P,0,48.988615,-122.753806
Pillars,PIL,9/16/2020,140-P,0,48.988615,-122.753806
Pillars,PIL,9/29/2020,1193-B,0,48.988615,-122.753806
Pillars,PIL,9/30/2020,1193-B,0,48.988615,-122.753806
Pillars,PIL,10/1/2020,1193-B,0,48.988615,-122.753806
Pillars,PIL,10/2/2020,1193-B,0,48.988615,-122.753806
Pillars,PIL,10/13/2020,1066-B,1,48.988615,-122.753806
Pillars,PIL,10/14/2020,1066-B,1,48.988615,-122.753806
Pillars,PIL,10/15/2020,1066-B,0,48.988615,-122.753806
Pillars,PIL,8/28/2020,89-P,0,48.988646,-122.754055
Pillars,PIL,9/1/2020,1179-B,0,48.988646,-122.754055
Pillars,PIL,9/2/2020,1179-B,0,48.988646,-122.754055
Pillars,PIL,9/3/2020,1179-B,0,48.988646,-122.754055
Pillars,PIL,9/4/2020,1179-B,0,48.988646,-122.754055
Pillars,PIL,9/11/2020,135-P,0,48.988646,-122.754055
Pillars,PIL,9/15/2020,138-P,0,48.988646,-122.754055
Pillars,PIL,9/16/2020,138-P,0,48.988646,-122.754055
Pillars,PIL,9/29/2020,1068-B,0,48.988646,-122.754055
Pillars,PIL,9/30/2020,1068-B,0,48.988646,-122.754055
Pillars,PIL,10/1/2020,1068-B,0,48.988646,-122.754055
Pillars,PIL,10/2/2020,1068-B,0,48.988646,-122.754055
Pillars,PIL,10/13/2020,1386-P,1,48.988646,-122.754055
Pillars,PIL,10/14/2020,1386-P,0,48.988646,-122.754055
Pillars,PIL,10/15/2020,1386-P,0,48.988646,-122.754055
Pillars,PIL,8/28/2020,371-R,0,48.988674,-122.754934
Pillars,PIL,9/1/2020,74-P,0,48.988674,-122.754934
Pillars,PIL,9/2/2020,74-P,0,48.988674,-122.754934
Pillars,PIL,9/3/2020,74-P,0,48.988674,-122.754934
Pillars,PIL,9/4/2020,74-P,0,48.988674,-122.754934
Pillars,PIL,9/11/2020,379-R,0,48.988674,-122.754934
Pillars,PIL,9/15/2020,1367-P,0,48.988674,-122.754934
Pillars,PIL,9/16/2020,1367-P,0,48.988674,-122.754934
Pillars,PIL,9/29/2020,584-P,0,48.988674,-122.754934
Pillars,PIL,9/30/2020,584-P,0,48.988674,-122.754934
Pillars,PIL,10/1/2020,584-P,0,48.988674,-122.754934
Pillars,PIL,10/2/2020,584-P,0,48.988674,-122.754934
Pillars,PIL,10/13/2020,1387-P,0,48.988674,-122.754934
Pillars,PIL,10/14/2020,1387-P,0,48.988674,-122.754934
Pillars,PIL,10/15/2020,1387-P,0,48.988674,-122.754934
Pillars,PIL,8/28/2020,1388-P,0,48.988684,-122.75473
Pillars,PIL,9/1/2020,1067-B,0,48.988684,-122.75473
Pillars,PIL,9/2/2020,1067-B,0,48.988684,-122.75473
Pillars,PIL,9/3/2020,1067-B,0,48.988684,-122.75473
Pillars,PIL,9/4/2020,1067-B,0,48.988684,-122.75473
Pillars,PIL,9/11/2020,50-P,0,48.988684,-122.75473
Pillars,PIL,9/15/2020,1373-P,1,48.988684,-122.75473
Pillars,PIL,9/16/2020,1373-P,0,48.988684,-122.75473
Pillars,PIL,9/29/2020,149-P,1,48.988684,-122.75473
Pillars,PIL,9/30/2020,149-P,0,48.988684,-122.75473
Pillars,PIL,10/1/2020,149-P,0,48.988684,-122.75473
Pillars,PIL,10/2/2020,149-P,0,48.988684,-122.75473
Pillars,PIL,10/13/2020,1190-B,1,48.988684,-122.75473
Pillars,PIL,10/14/2020,1190-B,0,48.988684,-122.75473
Pillars,PIL,10/15/2020,1190-B,0,48.988684,-122.75473
Pillars,PIL,8/28/2020,367-R,0,48.988708,-122.754084
Pillars,PIL,9/1/2020,155-Y,0,48.988708,-122.754084
Pillars,PIL,9/2/2020,155-Y,0,48.988708,-122.754084
Pillars,PIL,9/3/2020,155-Y,0,48.988708,-122.754084
Pillars,PIL,9/4/2020,155-Y,0,48.988708,-122.754084
Pillars,PIL,9/11/2020,19-P,0,48.988708,-122.754084
Pillars,PIL,9/15/2020,629-P,0,48.988708,-122.754084
Pillars,PIL,9/16/2020,629-P,0,48.988708,-122.754084
Pillars,PIL,9/29/2020,618-P,0,48.988708,-122.754084
Pillars,PIL,9/30/2020,618-P,0,48.988708,-122.754084
Pillars,PIL,10/1/2020,618-P,0,48.988708,-122.754084
Pillars,PIL,10/2/2020,618-P,0,48.988708,-122.754084
Pillars,PIL,10/13/2020,22-P,2,48.988708,-122.754084
Pillars,PIL,10/14/2020,22-P,0,48.988708,-122.754084
Pillars,PIL,10/15/2020,22-P,2,48.988708,-122.754084
Pillars,PIL,8/28/2020,143-Y,0,48.988711,-122.754834
Pillars,PIL,9/1/2020,15-P,2,48.988711,-122.754834
Pillars,PIL,9/2/2020,15-P,0,48.988711,-122.754834
Pillars,PIL,9/3/2020,15-P,0,48.988711,-122.754834
Pillars,PIL,9/4/2020,15-P,0,48.988711,-122.754834
Pillars,PIL,9/11/2020,368-R,0,48.988711,-122.754834
Pillars,PIL,9/15/2020,149-Y,0,48.988711,-122.754834
Pillars,PIL,9/16/2020,149-Y,0,48.988711,-122.754834
Pillars,PIL,9/29/2020,604-P,0,48.988711,-122.754834
Pillars,PIL,9/30/2020,604-P,0,48.988711,-122.754834
Pillars,PIL,10/1/2020,604-P,0,48.988711,-122.754834
Pillars,PIL,10/2/2020,604-P,0,48.988711,-122.754834
Pillars,PIL,10/13/2020,635-P,0,48.988711,-122.754834
Pillars,PIL,10/14/2020,635-P,0,48.988711,-122.754834
Pillars,PIL,10/15/2020,635-P,0,48.988711,-122.754834
Pillars,PIL,9/3/2020,364-R,0,48.988716,-122.755018
Pillars,PIL,9/4/2020,364-R,0,48.988716,-122.755018
Pillars,PIL,8/28/2020,364-R,0,48.988736,-122.75504
Pillars,PIL,9/1/2020,627-P,0,48.988736,-122.75504
Pillars,PIL,9/2/2020,627-P,0,48.988736,-122.75504
Pillars,PIL,9/3/2020,627-P,0,48.988736,-122.75504
Pillars,PIL,9/4/2020,627-P,0,48.988736,-122.75504
Pillars,PIL,9/11/2020,381-R,0,48.988736,-122.75504
Pillars,PIL,9/15/2020,19-P,0,48.988736,-122.75504
Pillars,PIL,9/16/2020,19-P,0,48.988736,-122.75504
Pillars,PIL,9/29/2020,570-P,0,48.988736,-122.75504
Pillars,PIL,9/30/2020,570-P,0,48.988736,-122.75504
Pillars,PIL,10/1/2020,570-P,0,48.988736,-122.75504
Pillars,PIL,10/2/2020,570-P,0,48.988736,-122.75504
Pillars,PIL,10/13/2020,1141-B,0,48.988736,-122.75504
Pillars,PIL,10/14/2020,1141-B,0,48.988736,-122.75504
Pillars,PIL,10/15/2020,1141-B,0,48.988736,-122.75504
Pillars,PIL,9/3/2020,144-P,0,48.988752,-122.754767
Pillars,PIL,9/4/2020,144-P,0,48.988752,-122.754767
Pillars,PIL,8/28/2020,1389-P,0,48.988765,-122.754956
Pillars,PIL,9/1/2020,1060-B,0,48.988765,-122.754956
Pillars,PIL,9/2/2020,1060-B,0,48.988765,-122.754956
Pillars,PIL,9/3/2020,1060-B,0,48.988765,-122.754956
Pillars,PIL,9/4/2020,1060-B,0,48.988765,-122.754956
Pillars,PIL,9/11/2020,1367-P,0,48.988765,-122.754956
Pillars,PIL,9/15/2020,50-P,0,48.988765,-122.754956
Pillars,PIL,9/16/2020,50-P,0,48.988765,-122.754956
Pillars,PIL,9/29/2020,80-P,0,48.988765,-122.754956
Pillars,PIL,9/30/2020,80-P,0,48.988765,-122.754956
Pillars,PIL,10/1/2020,80-P,0,48.988765,-122.754956
Pillars,PIL,10/2/2020,80-P,0,48.988765,-122.754956
Pillars,PIL,10/13/2020,98-P,1,48.988765,-122.754956
Pillars,PIL,10/14/2020,98-P,2,48.988765,-122.754956
Pillars,PIL,10/15/2020,98-P,0,48.988765,-122.754956
Pillars,PIL,8/28/2020,83-P,0,48.988774,-122.754242
Pillars,PIL,9/1/2020,83-P,0,48.988774,-122.754242
Pillars,PIL,9/2/2020,83-P,0,48.988774,-122.754242
Pillars,PIL,9/3/2020,83-P,0,48.988774,-122.754242
Pillars,PIL,9/4/2020,83-P,0,48.988774,-122.754242
Pillars,PIL,9/11/2020,1373-P,0,48.988774,-122.754242
Pillars,PIL,9/15/2020,75-P,0,48.988774,-122.754242
Pillars,PIL,9/16/2020,75-P,0,48.988774,-122.754242
Pillars,PIL,9/29/2020,1187-B,2,48.988774,-122.754242
Pillars,PIL,9/30/2020,1187-B,0,48.988774,-122.754242
Pillars,PIL,10/1/2020,1187-B,0,48.988774,-122.754242
Pillars,PIL,10/2/2020,1187-B,0,48.988774,-122.754242
Pillars,PIL,10/13/2020,1059-B,0,48.988774,-122.754242
Pillars,PIL,10/14/2020,1059-B,0,48.988774,-122.754242
Pillars,PIL,10/15/2020,1059-B,1,48.988774,-122.754242
Pillars,PIL,9/3/2020,1388-P,0,48.988783,-122.755072
Pillars,PIL,9/4/2020,1388-P,0,48.988783,-122.755072
Pillars,PIL,9/3/2020,638-P,0,48.988794,-122.754978
Pillars,PIL,9/4/2020,638-P,0,48.988794,-122.754978
Pillars,PIL,8/28/2020,119-Y,0,48.988841,-122.754293
Pillars,PIL,9/1/2020,609-P,0,48.988841,-122.754293
Pillars,PIL,9/2/2020,609-P,0,48.988841,-122.754293
Pillars,PIL,9/3/2020,609-P,0,48.988841,-122.754293
Pillars,PIL,9/4/2020,609-P,0,48.988841,-122.754293
Pillars,PIL,9/11/2020,621-P,0,48.988841,-122.754293
Pillars,PIL,9/15/2020,1144-B,0,48.988841,-122.754293
Pillars,PIL,9/16/2020,1144-B,0,48.988841,-122.754293
Pillars,PIL,9/29/2020,4-P,0,48.988841,-122.754293
Pillars,PIL,9/30/2020,4-P,0,48.988841,-122.754293
Pillars,PIL,10/1/2020,4-P,0,48.988841,-122.754293
Pillars,PIL,10/2/2020,4-P,0,48.988841,-122.754293
Pillars,PIL,10/13/2020,628-P,0,48.988841,-122.754293
Pillars,PIL,10/14/2020,628-P,1,48.988841,-122.754293
Pillars,PIL,10/15/2020,628-P,4,48.988841,-122.754293
Pillars,PIL,8/28/2020,74-P,0,48.988894,-122.754407
Pillars,PIL,9/1/2020,1072-B,0,48.988894,-122.754407
Pillars,PIL,9/2/2020,1072-B,0,48.988894,-122.754407
Pillars,PIL,9/3/2020,1072-B,0,48.988894,-122.754407
Pillars,PIL,9/4/2020,1072-B,0,48.988894,-122.754407
Pillars,PIL,9/11/2020,140-P,0,48.988894,-122.754407
Pillars,PIL,9/15/2020,1176-B,0,48.988894,-122.754407
Pillars,PIL,9/16/2020,1176-B,0,48.988894,-122.754407
Pillars,PIL,9/29/2020,1372-P,0,48.988894,-122.754407
Pillars,PIL,9/30/2020,1372-P,2,48.988894,-122.754407
Pillars,PIL,10/1/2020,1372-P,0,48.988894,-122.754407
Pillars,PIL,10/2/2020,1372-P,0,48.988894,-122.754407
Pillars,PIL,10/13/2020,89-P,3,48.988894,-122.754407
Pillars,PIL,10/14/2020,89-P,0,48.988894,-122.754407
Pillars,PIL,10/15/2020,89-P,0,48.988894,-122.754407
Pillars,PIL,8/28/2020,146-P,0,48.98891,-122.755218
Pillars,PIL,9/1/2020,1389-P,0,48.98891,-122.755218
Pillars,PIL,9/2/2020,1389-P,0,48.98891,-122.755218
Pillars,PIL,9/3/2020,1389-P,0,48.98891,-122.755218
Pillars,PIL,9/4/2020,1389-P,0,48.98891,-122.755218
Pillars,PIL,9/11/2020,1370-P,0,48.98891,-122.755218
Pillars,PIL,9/15/2020,379-R,2,48.98891,-122.755218
Pillars,PIL,9/16/2020,379-R,0,48.98891,-122.755218
Pillars,PIL,9/29/2020,1180-B,0,48.98891,-122.755218
Pillars,PIL,9/30/2020,1180-B,0,48.98891,-122.755218
Pillars,PIL,10/1/2020,1180-B,0,48.98891,-122.755218
Pillars,PIL,10/2/2020,1180-B,0,48.98891,-122.755218
Pillars,PIL,10/13/2020,136-P,1,48.98891,-122.755218
Pillars,PIL,10/14/2020,136-P,2,48.98891,-122.755218
Pillars,PIL,10/15/2020,136-P,0,48.98891,-122.755218
Pillars,PIL,8/28/2020,19-P,1,48.98893,-122.75506
Pillars,PIL,9/1/2020,20-P,0,48.98893,-122.75506
Pillars,PIL,9/2/2020,20-P,0,48.98893,-122.75506
Pillars,PIL,9/3/2020,20-P,0,48.98893,-122.75506
Pillars,PIL,9/4/2020,20-P,0,48.98893,-122.75506
Pillars,PIL,9/11/2020,623-P,0,48.98893,-122.75506
Pillars,PIL,9/15/2020,3-P,0,48.98893,-122.75506
Pillars,PIL,9/16/2020,3-P,0,48.98893,-122.75506
Pillars,PIL,9/29/2020,621-P,0,48.98893,-122.75506
Pillars,PIL,9/30/2020,621-P,0,48.98893,-122.75506
Pillars,PIL,10/1/2020,621-P,0,48.98893,-122.75506
Pillars,PIL,10/2/2020,621-P,0,48.98893,-122.75506
Pillars,PIL,10/13/2020,24-P,0,48.98893,-122.75506
Pillars,PIL,10/14/2020,24-P,0,48.98893,-122.75506
Pillars,PIL,10/15/2020,24-P,2,48.98893,-122.75506
Pillars,PIL,8/28/2020,366-R,0,48.988945,-122.755304
Pillars,PIL,9/1/2020,369-R,0,48.988945,-122.755304
Pillars,PIL,9/2/2020,369-R,0,48.988945,-122.755304
Pillars,PIL,9/3/2020,369-R,0,48.988945,-122.755304
Pillars,PIL,9/4/2020,369-R,0,48.988945,-122.755304
Pillars,PIL,9/11/2020,618-P,0,48.988945,-122.755304
Pillars,PIL,9/15/2020,635-R,0,48.988945,-122.755304
Pillars,PIL,9/16/2020,635-R,0,48.988945,-122.755304
Pillars,PIL,9/29/2020,381-R,0,48.988945,-122.755304
Pillars,PIL,9/30/2020,381-R,0,48.988945,-122.755304
Pillars,PIL,10/1/2020,381-R,0,48.988945,-122.755304
Pillars,PIL,10/2/2020,381-R,0,48.988945,-122.755304
Pillars,PIL,10/13/2020,6-P,0,48.988945,-122.755304
Pillars,PIL,10/14/2020,6-P,0,48.988945,-122.755304
Pillars,PIL,10/15/2020,6-P,0,48.988945,-122.755304
Pillars,PIL,9/3/2020,146-P,0,48.988963,-122.755112
Pillars,PIL,9/4/2020,146-P,0,48.988963,-122.755112
Pillars,PIL,8/28/2020,1179-B,0,48.988989,-122.755793
Pillars,PIL,9/1/2020,89-P,0,48.988989,-122.755793
Pillars,PIL,9/2/2020,89-P,0,48.988989,-122.755793
Pillars,PIL,9/3/2020,89-P,0,48.988989,-122.755793
Pillars,PIL,9/4/2020,89-P,0,48.988989,-122.755793
Pillars,PIL,9/11/2020,60-P,0,48.988989,-122.755793
Pillars,PIL,9/15/2020,1370-P,0,48.988989,-122.755793
Pillars,PIL,9/16/2020,1370-P,0,48.988989,-122.755793
Pillars,PIL,9/29/2020,1385-P,0,48.988989,-122.755793
Pillars,PIL,9/30/2020,1385-P,0,48.988989,-122.755793
Pillars,PIL,10/1/2020,1385-P,0,48.988989,-122.755793
Pillars,PIL,10/2/2020,1385-P,0,48.988989,-122.755793
Pillars,PIL,10/13/2020,1368-P,0,48.988989,-122.755793
Pillars,PIL,10/14/2020,1368-P,0,48.988989,-122.755793
Pillars,PIL,10/15/2020,1368-P,0,48.988989,-122.755793
Pillars,PIL,8/28/2020,1067-B,0,48.989014,-122.755339
Pillars,PIL,9/1/2020,371-R,1,48.989014,-122.755339
Pillars,PIL,9/2/2020,371-R,0,48.989014,-122.755339
Pillars,PIL,9/3/2020,371-R,0,48.989014,-122.755339
Pillars,PIL,9/4/2020,371-R,0,48.989014,-122.755339
Pillars,PIL,9/11/2020,1176-B,0,48.989014,-122.755339
Pillars,PIL,9/15/2020,1181-B,0,48.989014,-122.755339
Pillars,PIL,9/16/2020,1181-B,0,48.989014,-122.755339
Pillars,PIL,9/29/2020,1366-P,1,48.989014,-122.755339
Pillars,PIL,9/30/2020,1366-P,0,48.989014,-122.755339
Pillars,PIL,10/1/2020,1366-P,0,48.989014,-122.755339
Pillars,PIL,10/2/2020,1366-P,0,48.989014,-122.755339
Pillars,PIL,10/13/2020,100-P,1,48.989014,-122.755339
Pillars,PIL,10/14/2020,100-P,0,48.989014,-122.755339
Pillars,PIL,10/15/2020,100-P,0,48.989014,-122.755339
Pillars,PIL,9/3/2020,8-P,0,48.989055,-122.755479
Pillars,PIL,9/4/2020,8-P,0,48.989055,-122.755479
Pillars,PIL,8/28/2020,132-Y,0,48.989081,-122.755697
Pillars,PIL,9/1/2020,143-Y,0,48.989081,-122.755697
Pillars,PIL,9/2/2020,143-Y,0,48.989081,-122.755697
Pillars,PIL,9/3/2020,143-Y,0,48.989081,-122.755697
Pillars,PIL,9/4/2020,143-Y,0,48.989081,-122.755697
Pillars,PIL,9/11/2020,3-P,0,48.989081,-122.755697
Pillars,PIL,9/15/2020,368-R,0,48.989081,-122.755697
Pillars,PIL,9/16/2020,368-R,0,48.989081,-122.755697
Pillars,PIL,9/29/2020,1-P,0,48.989081,-122.755697
Pillars,PIL,9/30/2020,1-P,0,48.989081,-122.755697
Pillars,PIL,10/1/2020,1-P,0,48.989081,-122.755697
Pillars,PIL,10/2/2020,1-P,0,48.989081,-122.755697
Pillars,PIL,10/13/2020,121-Y,0,48.989081,-122.755697
Pillars,PIL,10/14/2020,121-Y,0,48.989081,-122.755697
Pillars,PIL,10/15/2020,121-Y,0,48.989081,-122.755697
Pillars,PIL,8/28/2020,144-P,0,48.989148,-122.755547
Pillars,PIL,9/1/2020,1068-B,0,48.989148,-122.755547
Pillars,PIL,9/2/2020,1068-B,0,48.989148,-122.755547
Pillars,PIL,9/3/2020,1068-B,0,48.989148,-122.755547
Pillars,PIL,9/4/2020,1068-B,0,48.989148,-122.755547
Pillars,PIL,9/11/2020,75-P,0,48.989148,-122.755547
Pillars,PIL,9/15/2020,135-P,0,48.989148,-122.755547
Pillars,PIL,9/16/2020,135-P,0,48.989148,-122.755547
Pillars,PIL,9/29/2020,74-P,0,48.989148,-122.755547
Pillars,PIL,9/30/2020,74-P,0,48.989148,-122.755547
Pillars,PIL,10/1/2020,74-P,0,48.989148,-122.755547
Pillars,PIL,10/2/2020,74-P,0,48.989148,-122.755547
Pillars,PIL,10/13/2020,59-P,0,48.989148,-122.755547
Pillars,PIL,10/14/2020,59-P,1,48.989148,-122.755547
Pillars,PIL,10/15/2020,59-P,1,48.989148,-122.755547
Pillars,PIL,8/28/2020,609-P,0,48.989186,-122.755448
Pillars,PIL,9/1/2020,367-R,0,48.989186,-122.755448
Pillars,PIL,9/2/2020,367-R,0,48.989186,-122.755448
Pillars,PIL,9/3/2020,367-R,0,48.989186,-122.755448
Pillars,PIL,9/4/2020,367-R,0,48.989186,-122.755448
Pillars,PIL,9/11/2020,16-P,0,48.989186,-122.755448
Pillars,PIL,9/15/2020,570-P,0,48.989186,-122.755448
Pillars,PIL,9/16/2020,570-P,0,48.989186,-122.755448
Pillars,PIL,9/29/2020,1411-B,1,48.989186,-122.755448
Pillars,PIL,9/30/2020,1411-B,0,48.989186,-122.755448
Pillars,PIL,10/1/2020,1411-B,0,48.989186,-122.755448
Pillars,PIL,10/2/2020,1411-B,0,48.989186,-122.755448
Pillars,PIL,10/13/2020,118-Y,0,48.989186,-122.755448
Pillars,PIL,10/14/2020,118-Y,0,48.989186,-122.755448
Pillars,PIL,10/15/2020,118-Y,0,48.989186,-122.755448
Pillars,PIL,8/28/2020,638-P,0,48.989406,-122.754144
Pillars,PIL,9/1/2020,638-P,0,48.989406,-122.754144
Pillars,PIL,9/2/2020,638-P,0,48.989406,-122.754144
Pillars,PIL,9/11/2020,629-P,0,48.989406,-122.754144
Pillars,PIL,9/15/2020,640-P,0,48.989406,-122.754144
Pillars,PIL,9/16/2020,640-P,0,48.989406,-122.754144
Pillars,PIL,9/29/2020,616-P,0,48.989406,-122.754144
Pillars,PIL,9/30/2020,616-P,0,48.989406,-122.754144
Pillars,PIL,10/1/2020,616-P,0,48.989406,-122.754144
Pillars,PIL,10/2/2020,616-P,0,48.989406,-122.754144
Pillars,PIL,10/13/2020,645-P,0,48.989406,-122.754144
Pillars,PIL,10/14/2020,645-P,0,48.989406,-122.754144
Pillars,PIL,10/15/2020,645-P,0,48.989406,-122.754144
Pillars,PIL,8/28/2020,1072-B,0,48.989454,-122.753868
Pillars,PIL,9/1/2020,1388-P,0,48.989454,-122.753868
Pillars,PIL,9/2/2020,1388-P,0,48.989454,-122.753868
Pillars,PIL,9/11/2020,1181-B,0,48.989454,-122.753868
Pillars,PIL,9/15/2020,60-P,0,48.989454,-122.753868
Pillars,PIL,9/16/2020,60-P,0,48.989454,-122.753868
Pillars,PIL,9/29/2020,27-P,0,48.989454,-122.753868
Pillars,PIL,9/30/2020,27-P,0,48.989454,-122.753868
Pillars,PIL,10/1/2020,27-P,0,48.989454,-122.753868
Pillars,PIL,10/2/2020,27-P,0,48.989454,-122.753868
Pillars,PIL,10/13/2020,379-R,0,48.989454,-122.753868
Pillars,PIL,10/14/2020,379-R,0,48.989454,-122.753868
Pillars,PIL,10/15/2020,379-R,0,48.989454,-122.753868
Pillars,PIL,8/28/2020,51-P,0,48.989484,-122.753725
Pillars,PIL,9/1/2020,146-P,0,48.989484,-122.753725
Pillars,PIL,9/2/2020,146-P,0,48.989484,-122.753725
Pillars,PIL,9/11/2020,98-P,0,48.989484,-122.753725
Pillars,PIL,9/15/2020,145-P,0,48.989484,-122.753725
Pillars,PIL,9/16/2020,145-P,0,48.989484,-122.753725
Pillars,PIL,9/29/2020,388-R,0,48.989484,-122.753725
Pillars,PIL,9/30/2020,388-R,0,48.989484,-122.753725
Pillars,PIL,10/1/2020,388-R,0,48.989484,-122.753725
Pillars,PIL,10/2/2020,388-R,0,48.989484,-122.753725
Pillars,PIL,10/13/2020,64-P,0,48.989484,-122.753725
Pillars,PIL,10/14/2020,64-P,0,48.989484,-122.753725
Pillars,PIL,10/15/2020,64-P,0,48.989484,-122.753725
Pillars,PIL,8/28/2020,149-Y,0,48.989519,-122.753813
Pillars,PIL,9/1/2020,8-P,0,48.989519,-122.753813
Pillars,PIL,9/2/2020,8-P,0,48.989519,-122.753813
Pillars,PIL,9/11/2020,1144-B,0,48.989519,-122.753813
Pillars,PIL,9/15/2020,621-P,0,48.989519,-122.753813
Pillars,PIL,9/16/2020,621-P,0,48.989519,-122.753813
Pillars,PIL,9/29/2020,1144-B,0,48.989519,-122.753813
Pillars,PIL,9/30/2020,1144-B,0,48.989519,-122.753813
Pillars,PIL,10/1/2020,1144-B,0,48.989519,-122.753813
Pillars,PIL,10/2/2020,1144-B,0,48.989519,-122.753813
Pillars,PIL,10/13/2020,603-P,0,48.989519,-122.753813
Pillars,PIL,10/14/2020,603-P,0,48.989519,-122.753813
Pillars,PIL,10/15/2020,603-P,0,48.989519,-122.753813
Pillars,PIL,8/28/2020,15-P,0,48.989564,-122.753291
Pillars,PIL,9/1/2020,364-R,0,48.989564,-122.753291
Pillars,PIL,9/2/2020,364-R,0,48.989564,-122.753291
Pillars,PIL,9/11/2020,635-P,0,48.989564,-122.753291
Pillars,PIL,9/15/2020,16-P,0,48.989564,-122.753291
Pillars,PIL,9/16/2020,16-P,0,48.989564,-122.753291
Pillars,PIL,9/29/2020,21-P,0,48.989564,-122.753291
Pillars,PIL,9/30/2020,21-P,0,48.989564,-122.753291
Pillars,PIL,10/1/2020,21-P,0,48.989564,-122.753291
Pillars,PIL,10/2/2020,21-P,0,48.989564,-122.753291
Pillars,PIL,10/13/2020,570-P,0,48.989564,-122.753291
Pillars,PIL,10/14/2020,570-P,0,48.989564,-122.753291
Pillars,PIL,10/15/2020,570-P,0,48.989564,-122.753291
Pillars,PIL,8/28/2020,1068-B,0,48.989577,-122.754141
Pillars,PIL,9/1/2020,144-P,0,48.989577,-122.754141
Pillars,PIL,9/2/2020,144-P,0,48.989577,-122.754141
Pillars,PIL,9/11/2020,138-P,0,48.989577,-122.754141
Pillars,PIL,9/15/2020,98-P,0,48.989577,-122.754141
Pillars,PIL,9/16/2020,98-P,0,48.989577,-122.754141
Pillars,PIL,9/29/2020,57-P,0,48.989577,-122.754141
Pillars,PIL,9/30/2020,57-P,0,48.989577,-122.754141
Pillars,PIL,10/1/2020,57-P,0,48.989577,-122.754141
Pillars,PIL,10/2/2020,57-P,0,48.989577,-122.754141
Pillars,PIL,10/13/2020,1181-B,0,48.989577,-122.754141
Pillars,PIL,10/14/2020,1181-B,0,48.989577,-122.754141
Pillars,PIL,10/15/2020,1181-B,0,48.989577,-122.754141
Rabbs,RAA,9/26/2020,,0,47.392326,-122.433954
Rabbs,RAA,9/26/2020,,0,47.392326,-122.433954
Rabbs,RAA,9/26/2020,,0,47.392326,-122.433954
Stackpole,STA,8/4/2020,109-Y,2,NA,NA
Stackpole,STA,8/5/2020,109-Y,0,NA,NA
Stackpole,STA,8/4/2020,1122-B,2,NA,NA
Stackpole,STA,8/5/2020,1122-B,0,NA,NA
Stackpole,STA,8/4/2020,1125-B,0,NA,NA
Stackpole,STA,8/5/2020,1125-B,1,NA,NA
Stackpole,STA,8/4/2020,126-Y,9,NA,NA
Stackpole,STA,8/5/2020,126-Y,5,NA,NA
Stackpole,STA,8/4/2020,133-Y,6,NA,NA
Stackpole,STA,8/5/2020,133-Y,0,NA,NA
Stackpole,STA,8/4/2020,140-Y,13,NA,NA
Stackpole,STA,8/5/2020,140-Y,3,NA,NA
Stackpole,STA,8/4/2020,156-P,5,NA,NA
Stackpole,STA,8/5/2020,156-P,2,NA,NA
Stackpole,STA,8/4/2020,157-P,8,NA,NA
Stackpole,STA,8/5/2020,157-P,4,NA,NA
Stackpole,STA,8/4/2020,160-P,7,NA,NA
Stackpole,STA,8/5/2020,160-P,4,NA,NA
Stackpole,STA,8/4/2020,165-Y,3,NA,NA
Stackpole,STA,8/5/2020,165-Y,0,NA,NA
Stackpole,STA,8/4/2020,176-P,0,NA,NA
Stackpole,STA,8/5/2020,176-P,1,NA,NA
Stackpole,STA,8/4/2020,183-P,6,NA,NA
Stackpole,STA,8/5/2020,183-P,0,NA,NA
Stackpole,STA,8/4/2020,184-P,13,NA,NA
Stackpole,STA,8/5/2020,184-P,1,NA,NA
Stackpole,STA,8/4/2020,185-Y,7,NA,NA
Stackpole,STA,8/5/2020,185-Y,5,NA,NA
Stackpole,STA,8/4/2020,188-P,4,NA,NA
Stackpole,STA,8/5/2020,188-P,0,NA,NA
Stackpole,STA,8/4/2020,191-Y,15,NA,NA
Stackpole,STA,8/5/2020,191-Y,9,NA,NA
Stackpole,STA,8/4/2020,200-Y,8,NA,NA
Stackpole,STA,8/5/2020,200-Y,1,NA,NA
Stackpole,STA,8/4/2020,29-P,8,NA,NA
Stackpole,STA,8/5/2020,29-P,7,NA,NA
Stackpole,STA,8/4/2020,380-R,3,NA,NA
Stackpole,STA,8/5/2020,380-R,0,NA,NA
Stackpole,STA,8/4/2020,41-P,2,NA,NA
Stackpole,STA,8/5/2020,41-P,0,NA,NA
Stackpole,STA,8/4/2020,44-P,6,NA,NA
Stackpole,STA,8/5/2020,44-P,1,NA,NA
Stackpole,STA,8/4/2020,613-P,0,NA,NA
Stackpole,STA,8/5/2020,613-P,2,NA,NA
Stackpole,STA,8/4/2020,631-P,11,NA,NA
Stackpole,STA,8/5/2020,631-P,4,NA,NA
Stackpole,STA,8/4/2020,637-P,1,NA,NA
Stackpole,STA,8/5/2020,637-P,2,NA,NA
Stackpole,STA,8/4/2020,683-P,0,NA,NA
Stackpole,STA,8/5/2020,683-P,0,NA,NA
Stackpole,STA,8/4/2020,691-P,3,NA,NA
Stackpole,STA,8/5/2020,691-P,4,NA,NA
Stackpole,STA,9/29/2020,,0,NA,NA
Stackpole,STA,9/29/2020,,0,NA,NA
Stackpole,STA,9/29/2020,,0,NA,NA
Titlow,TIT,9/17/2020,,0,47.2488254,-122.5515108
Titlow,TIT,9/17/2020,,0,47.2488254,-122.5515108
Titlow,TIT,9/17/2020,,0,47.2488254,-122.5515108
Tokeland East,TKE,9/1/2020,1134-B,4,46.708069,-123.971235
Tokeland East,TKE,9/2/2020,1134-B,6,46.708069,-123.971235
Tokeland East,TKE,9/1/2020,139-Y,0,46.707888,-123.97118
Tokeland East,TKE,9/2/2020,139-Y,2,46.707888,-123.97118
Tokeland East,TKE,9/2/2020,154-P,0,46.708549,-123.971064
Tokeland East,TKE,9/1/2020,154-P,0,46.708983,-123.970809
Tokeland East,TKE,9/1/2020,163-P,0,46.708204,-123.971232
Tokeland East,TKE,9/2/2020,163-P,6,46.708204,-123.971232
Tokeland East,TKE,9/1/2020,185-Y,2,46.708908,-123.971097
Tokeland East,TKE,9/2/2020,185-Y,0,46.708908,-123.971097
Tokeland East,TKE,9/2/2020,601-P,0,46.70893,-123.970814
Tokeland East,TKE,9/1/2020,601-P,0,46.709084,-123.970573
Tokeland East,TKE,9/1/2020,675-P,3,46.708748,-123.970965
Tokeland East,TKE,9/2/2020,675-P,2,46.708748,-123.970965
Tokeland East,TKE,9/1/2020,677-P,4,46.708727,-123.971225
Tokeland East,TKE,9/2/2020,677-P,1,46.708727,-123.971225
Tokeland West,TKW,9/1/2020,188-P,2,46.707522,-123.974785
Tokeland West,TKW,9/2/2020,188-P,4,46.707522,-123.974785
Tokeland West,TKW,9/2/2020,160-P,2,46.707916,-123.974769
Tokeland West,TKW,9/1/2020,190-P,2,46.7077,-123.974675
Tokeland West,TKW,9/2/2020,190-P,1,46.7077,-123.974675
Tokeland West,TKW,9/1/2020,195-Y,4,46.707852,-123.974617
Tokeland West,TKW,9/2/2020,195-Y,1,46.707852,-123.974617
Tokeland West,TKW,9/1/2020,192-P,0,46.707763,-123.974569
Tokeland West,TKW,9/2/2020,192-P,0,46.707763,-123.974569
Tokeland West,TKW,9/1/2020,171-P,4,46.707792,-123.974567
Tokeland West,TKW,9/2/2020,171-P,1,46.707792,-123.974567
Tokeland West,TKW,9/1/2020,184-P,0,46.70775,-123.974427
Tokeland West,TKW,9/2/2020,184-P,0,46.70775,-123.974427
Tokeland West,TKW,9/1/2020,1139-B,1,46.707895,-123.974347
Tokeland West,TKW,9/2/2020,1139-B,6,46.707895,-123.974347
Tokeland West,TKW,9/1/2020,1137-B,2,46.70821,-123.97428
Tokeland West,TKW,9/2/2020,1137-B,1,46.70821,-123.97428
Tokeland West,TKW,9/1/2020,160-P,0,46.708299,-123.974265
Tokeland West,TKW,9/2/2020,687-P,0,46.708054,-123.974065
Tokeland West,TKW,9/2/2020,166-P,3,46.707897,-123.974032
Tokeland West,TKW,9/1/2020,196-P,1,46.707651,-123.973941
Tokeland West,TKW,9/2/2020,196-P,1,46.707651,-123.973941
Tokeland West,TKW,9/1/2020,639-P,4,46.707742,-123.973906
Tokeland West,TKW,9/2/2020,639-P,0,46.707742,-123.973906
Tokeland West,TKW,9/1/2020,166-P,1,46.708241,-123.973878
Tokeland West,TKW,9/2/2020,135-Y,1,46.707615,-123.97387
Tokeland West,TKW,9/1/2020,183-P,2,46.707338,-123.973815
Tokeland West,TKW,9/2/2020,183-P,5,46.707338,-123.973815
Tokeland West,TKW,9/1/2020,637-P,1,46.707837,-123.973806
Tokeland West,TKW,9/2/2020,637-P,2,46.707837,-123.973806
Tokeland West,TKW,9/1/2020,1129-B,3,46.707762,-123.973733
Tokeland West,TKW,9/2/2020,1129-B,0,46.707762,-123.973733
Tokeland West,TKW,9/1/2020,124-Y,4,46.707379,-123.973697
Tokeland West,TKW,9/2/2020,124-Y,1,46.707379,-123.973697
Tokeland West,TKW,9/2/2020,151-P,1,46.707585,-123.973613
Tokeland West,TKW,9/1/2020,615-P,8,46.707421,-123.973573
Tokeland West,TKW,9/2/2020,615-P,10,46.707421,-123.973573
Tokeland West,TKW,9/1/2020,386-R,4,46.707487,-123.973468
Tokeland West,TKW,9/2/2020,386-R,2,46.707487,-123.973468
Tokeland West,TKW,9/1/2020,687-P,0,46.707995,-123.97344
Tokeland West,TKW,9/1/2020,41-P,0,46.707323,-123.973403
Tokeland West,TKW,9/2/2020,41-P,0,46.707323,-123.973403
Tokeland West,TKW,9/1/2020,126-Y,3,46.707504,-123.973402
Tokeland West,TKW,9/2/2020,126-Y,1,46.707504,-123.973402
Tokeland West,TKW,9/1/2020,605-P,14,46.707336,-123.973343
Tokeland West,TKW,9/2/2020,605-P,3,46.707336,-123.973343
Tokeland West,TKW,9/1/2020,91-P,4,46.707372,-123.973336
Tokeland West,TKW,9/2/2020,91-P,1,46.707372,-123.973336
Tokeland West,TKW,9/1/2020,690-P,2,46.707246,-123.973322
Tokeland West,TKW,9/2/2020,690-P,0,46.707246,-123.973322
Tokeland West,TKW,9/1/2020,1125-B,0,46.707553,-123.973308
Tokeland West,TKW,9/2/2020,1125-B,1,46.707553,-123.973308
Tokeland West,TKW,9/1/2020,194-Y,26,46.707713,-123.973274
Tokeland West,TKW,9/2/2020,194-Y,9,46.707713,-123.973274
Tokeland West,TKW,9/1/2020,691-P,4,46.707751,-123.972975
Tokeland West,TKW,9/2/2020,691-P,3,46.707751,-123.972975
Willsei's,WLS,10/14/2020,,1,48.9597067,-122.7511118
Willsei's,WLS,10/14/2020,,0,48.9597067,-122.7511118
Willsei's,WLS,10/14/2020,,0,48.9597067,-122.7511118
Willsei's,WLS,10/14/2020,,0,48.9597067,-122.7511118
Willsei's,WLS,10/14/2020,,0,48.9597067,-122.7511118
Willsei's,WLS,10/14/2020,,0,48.9597067,-122.7511118
Willsei's,WLS,10/14/2020,,0,48.9597067,-122.7511118
Willsei's,WLS,10/14/2020,,0,48.9597067,-122.7511118
Willsei's,WLS,10/14/2020,,0,48.9597067,-122.7511118
Willsei's,WLS,10/14/2020,,0,48.9597067,-122.7511118
Willsei's,WLS,10/14/2020,,0,48.9597067,-122.7511118
Willsei's,WLS,10/14/2020,,0,48.9597067,-122.7511118
Willsei's,WLS,10/14/2020,,0,48.9597067,-122.7511118
Willsei's,WLS,10/14/2020,,0,48.9597067,-122.7511118
Willsei's,WLS,10/14/2020,,0,48.9597067,-122.7511118
Willsei's,WLS,10/14/2020,,0,48.9597067,-122.7511118
Willsei's,WLS,10/14/2020,,0,48.9597067,-122.7511118
Willsei's,WLS,10/14/2020,,0,48.9597067,-122.7511118
Willsei's,WLS,10/14/2020,,0,48.9597067,-122.7511118
Willsei's,WLS,10/14/2020,,0,48.9597067,-122.7511118
Willsei's,WLS,10/15/2020,1073-B,0,48.9588186,-122.7479918
Willsei's,WLS,10/15/2020,1177-B,0,48.9587308,-122.7499974
Willsei's,WLS,10/15/2020,119-Y,0,48.9587139,-122.7481822
Willsei's,WLS,10/15/2020,128-P,0,48.9589124,-122.7487361
Willsei's,WLS,10/15/2020,129-P,0,48.9585939,-122.748256
Willsei's,WLS,10/15/2020,133-P,1,48.9597067,-122.7511118
Willsei's,WLS,10/15/2020,136-Y,0,48.9585657,-122.748498
Willsei's,WLS,10/15/2020,159-Y,0,48.9587293,-122.7496487
Willsei's,WLS,10/15/2020,187-Y,0,48.9595334,-122.7508054
Willsei's,WLS,10/15/2020,395-R,0,48.9588162,-122.74936
Willsei's,WLS,10/15/2020,4-P,0,48.9588853,-122.7490442
Willsei's,WLS,10/15/2020,8-P,0,48.9588823,-122.7482606
